timestamp,vwc,precip
2010-02-01,0.3589,0.0
2010-02-02,0.3694,0.0
2010-02-03,0.3791,0.5
2010-02-04,0.3862,6.0
2010-02-05,0.3864,0.0
2010-02-06,0.3829,0.0
2010-02-07,0.3774,1.7
2010-02-08,0.3837,5.9
2010-02-09,0.3816,0.0
2010-02-10,0.3744,0.0
2010-02-11,0.3737,0.0
2010-02-12,0.3718,0.0
2010-02-13,0.3694,0.0
2010-02-14,0.3648,1.9
2010-02-15,0.3595,0.0
2010-02-16,0.3546,0.0
2010-02-17,0.3519,0.0
2010-02-18,0.3516,0.0
2010-02-19,0.3511,0.0
2010-02-20,0.3507,2.1
2010-02-21,0.3841,25.9
2010-02-22,0.3836,0.0
2010-02-23,0.3787,0.0
2010-02-24,0.3738,0.0
2010-02-25,0.3692,0.0
2010-02-26,0.3636,0.0
2010-02-27,0.3592,0.0
2010-02-28,0.3566,0.0
2010-03-01,0.3528,0.0
2010-03-02,0.3499,0.0
2010-03-03,0.3481,0.0
2010-03-04,0.3455,0.0
2010-03-05,0.3446,0.0
2010-03-06,0.3428,0.0
2010-03-07,0.3412,0.0
2010-03-08,0.3589,28.5
2010-03-09,0.3829,0.0
2010-03-10,0.3775,1.1
2010-03-11,0.3736,0.0
2010-03-12,0.3689,0.0
2010-03-13,0.362,0.0
2010-03-14,0.357,0.0
2010-03-15,0.3538,0.0
2010-03-16,0.3506,0.0
2010-03-17,0.3475,0.0
2010-03-18,0.345,0.0
2010-03-19,0.3415,5.8
2010-03-20,0.3567,17.1
2010-03-21,0.3702,0.0
2010-03-22,0.3886,0.0
2010-03-23,0.3848,0.0
2010-03-24,0.3798,0.0
2010-03-25,0.381,4.6
2010-03-26,0.3773,0.0
2010-03-27,0.3663,0.7
2010-03-28,0.3584,0.0
2010-03-29,0.3518,0.0
2010-03-30,0.3464,0.0
2010-03-31,0.3357,0.0
2010-04-01,0.3283,0.0
2010-04-02,0.3499,15.9
2010-04-03,0.351,0.0
2010-04-04,0.3416,0.0
2010-04-05,0.3332,0.0
2010-04-06,0.3322,16.6
2010-04-07,0.3571,0.0
2010-04-08,0.3476,0.0
2010-04-09,0.3356,0.0
2010-04-10,0.3264,0.0
2010-04-11,0.3194,0.0
2010-04-12,0.3134,0.0
2010-04-13,0.3058,0.0
2010-04-14,0.2962,0.0
2010-04-15,0.2867,0.0
2010-04-16,0.2846,9.3
2010-04-17,0.3018,8.4
2010-04-18,0.3302,12.0
2010-04-19,0.3354,0.0
2010-04-20,0.3307,0.0
2010-04-21,0.3262,0.0
2010-04-22,0.3206,0.0
2010-04-23,0.3488,18.8
2010-04-24,0.3442,1.8
2010-04-25,0.3339,0.0
2010-04-26,0.325,0.3
2010-04-27,0.319,0.0
2010-04-28,0.3116,0.0
2010-04-29,0.3016,0.0
2010-04-30,0.294,4.4
2010-05-01,0.2898,0.7
2010-05-02,0.285,0.0
2010-05-03,0.2745,0.0
2010-05-04,0.2681,0.0
2010-05-05,0.2629,0.0
2010-05-06,0.2578,0.0
2010-05-07,0.2513,0.0
2010-05-08,0.2455,0.0
2010-05-09,0.2416,0.0
2010-05-10,0.2407,4.0
2010-05-11,0.2408,0.0
2010-05-12,0.2402,0.0
2010-05-13,0.2587,12.1
2010-05-14,0.2971,19.7
2010-05-15,0.3077,0.0
2010-05-16,0.3127,3.7
2010-05-17,0.3118,0.0
2010-05-18,0.3086,0.0
2010-05-19,0.356,83.2
2010-05-20,0.3695,0.0
2010-05-21,0.3528,0.0
2010-05-22,0.3398,0.0
2010-05-23,0.3287,0.0
2010-05-24,0.3192,0.0
2010-05-25,0.3114,0.0
2010-05-26,0.3037,0.0
2010-05-27,0.2953,0.0
2010-05-28,0.2861,0.0
2010-05-29,0.2748,0.0
2010-05-30,0.2724,34.5
2010-05-31,0.3439,10.2
2010-06-01,0.3282,0.0
2010-06-02,0.3172,0.0
2010-06-03,0.324,9.9
2010-06-04,0.321,0.0
2010-06-05,0.3116,0.0
2010-06-06,0.3006,0.0
2010-06-07,0.3306,27.2
2010-06-08,0.3312,0.0
2010-06-09,0.334,9.4
2010-06-10,0.3314,0.0
2010-06-11,0.3239,0.0
2010-06-12,0.3176,3.8
2010-06-13,0.3146,0.5
2010-06-14,0.3707,90.5
2010-06-15,0.3832,3.5
2010-06-16,0.3763,6.9
2010-06-17,0.37,0.0
2010-06-18,0.352,0.0
2010-06-19,0.3372,0.0
2010-06-20,0.325,0.0
2010-06-21,0.3139,0.0
2010-06-22,0.3017,0.0
2010-06-23,0.2881,0.0
2010-06-24,0.2747,0.0
2010-06-25,0.2602,0.0
2010-06-26,0.2458,0.0
2010-06-27,0.2346,0.5
2010-06-28,0.2273,0.0
2010-06-29,0.2185,0.0
2010-06-30,0.2082,0.0
2010-07-01,0.1994,0.0
2010-07-02,0.1928,0.0
2010-07-03,0.2117,21.4
2010-07-04,0.2352,7.8
2010-07-05,0.2391,6.0
2010-07-06,0.2684,23.0
2010-07-07,0.2951,0.3
2010-07-08,0.29,0.0
2010-07-09,0.2845,0.5
2010-07-10,0.2779,0.0
2010-07-11,0.2694,0.0
2010-07-12,0.26,0.0
2010-07-13,0.2496,0.0
2010-07-14,0.2371,0.0
2010-07-15,0.2288,3.8
2010-07-16,0.2187,0.0
2010-07-17,0.2074,0.0
2010-07-18,0.1964,0.0
2010-07-19,0.1866,0.0
2010-07-20,0.1784,0.0
2010-07-21,0.1715,0.0
2010-07-22,0.1653,0.0
2010-07-23,0.1602,0.0
2010-07-24,0.1556,0.0
2010-07-25,0.1646,22.0
2010-07-26,0.1858,0.0
2010-07-27,0.1785,0.0
2010-07-28,0.1704,0.0
2010-07-29,0.1625,0.0
2010-07-30,0.1552,0.0
2010-07-31,0.15,0.0
2010-08-01,0.1459,0.0
2010-08-02,0.1422,0.0
2010-08-03,0.1384,0.0
2010-08-04,0.1373,4.2
2010-08-05,0.14,0.0
2010-08-06,0.1354,0.0
2010-08-07,0.1327,0.0
2010-08-08,0.1314,0.0
2010-08-09,0.1294,0.0
2010-08-10,0.1278,0.0
2010-08-11,0.1264,0.0
2010-08-12,0.1248,0.0
2010-08-13,0.1237,0.0
2010-08-14,0.1227,0.0
2010-08-15,0.1375,14.3
2010-08-16,0.14,1.3
2010-08-17,0.2016,35.2
2010-08-18,0.2243,0.0
2010-08-19,0.2128,0.0
2010-08-20,0.2012,0.0
2010-08-21,0.1858,0.0
2010-08-22,0.172,0.0
2010-08-23,0.1614,0.0
2010-08-24,0.1552,1.1
2010-08-25,0.1482,0.0
2010-08-26,0.142,0.0
2010-08-27,0.1375,0.0
2010-08-28,0.1327,0.0
2010-08-29,0.1289,0.0
2010-08-30,0.1268,0.0
2010-08-31,0.1239,0.0
2010-09-01,0.1228,0.6
2010-09-02,0.1304,13.8
2010-09-03,0.1463,0.0
2010-09-04,0.1356,0.0
2010-09-05,0.1266,0.0
2010-09-06,0.1224,0.0
2010-09-07,0.1208,0.0
2010-09-08,0.1386,39.3
2010-09-09,0.231,8.5
2010-09-10,0.2246,0.0
2010-09-11,0.2156,0.0
2010-09-12,0.208,2.7
2010-09-13,0.2028,0.0
2010-09-14,0.196,0.9
2010-09-15,0.1869,0.0
2010-09-16,0.176,0.0
2010-09-17,0.1682,0.0
2010-09-18,0.1606,0.0
2010-09-19,0.1536,0.0
2010-09-20,0.1478,0.0
2010-09-21,0.1426,0.0
2010-09-22,0.1375,0.0
2010-09-23,0.1329,2.8
2010-09-24,0.1434,6.4
2010-09-25,0.1361,0.0
2010-09-26,0.1301,0.0
2010-09-27,0.125,0.0
2010-09-28,0.1226,0.0
2010-09-29,0.1203,0.0
2010-09-30,0.1186,0.0
2010-10-01,0.117,0.0
2010-10-02,0.1158,0.0
2010-10-03,0.1144,0.0
2010-10-04,0.113,0.0
2010-10-05,0.1121,0.0
2010-10-06,0.112,0.0
2010-10-07,0.1116,0.0
2010-10-08,0.1112,0.0
2010-10-09,0.1111,0.0
2010-10-10,0.1106,3.2
2010-10-11,0.1108,0.0
2010-10-12,0.1101,0.0
2010-10-13,0.1106,0.0
2010-10-14,0.1087,0.0
2010-10-15,0.109,0.0
2010-10-16,0.1088,0.0
2010-10-17,0.1082,0.0
2010-10-18,0.1086,0.0
2010-10-19,0.1452,26.0
2010-10-20,0.1569,0.0
2010-10-21,0.1542,0.0
2010-10-22,0.1632,11.0
2010-10-23,0.174,0.0
2010-10-24,0.1741,0.0
2010-10-25,0.1713,0.0
2010-10-26,0.1676,0.0
2010-10-27,0.1637,0.0
2010-10-28,0.1594,0.0
2010-10-29,0.1554,0.0
2010-10-30,0.1519,0.0
2010-10-31,0.1482,0.0
2010-11-01,0.1449,0.0
2010-11-02,0.1429,0.0
2010-11-03,0.1399,0.0
2010-11-04,0.1368,0.0
2010-11-05,0.1338,0.0
2010-11-06,0.1317,0.0
2010-11-07,0.1305,0.0
2010-11-08,0.1292,0.0
2010-11-09,0.1284,0.0
2010-11-10,0.1272,1.8
2010-11-11,0.1396,10.2
2010-11-12,0.1832,25.6
2010-11-13,0.2047,0.0
2010-11-14,0.2049,0.0
2010-11-15,0.2082,10.2
2010-11-16,0.2174,0.0
2010-11-17,0.2122,0.6
2010-11-18,0.2093,0.0
2010-11-19,0.2058,0.0
2010-11-20,0.2034,0.0
2010-11-21,0.2021,0.0
2010-11-22,0.2007,0.0
2010-11-23,0.1974,0.0
2010-11-24,0.1953,0.0
2010-11-25,0.1923,0.0
2010-11-26,0.1888,0.0
2010-11-27,0.1862,0.0
2010-11-28,0.1842,0.0
2010-11-29,0.1826,0.0
2010-11-30,0.1802,0.0
2010-12-01,0.1775,0.0
2010-12-02,0.1758,0.0
2010-12-03,0.1739,0.0
2010-12-04,0.1724,0.0
2010-12-05,0.1708,0.0
2010-12-06,0.1689,0.0
2010-12-07,0.1668,0.0
2010-12-08,0.1666,0.0
2010-12-09,0.1662,0.0
2010-12-10,0.1651,0.0
2010-12-11,0.1642,0.0
2010-12-12,0.1621,0.0
2010-12-13,0.1611,0.0
2010-12-14,0.1594,0.0
2010-12-15,0.159,0.0
2010-12-16,0.159,0.0
2010-12-17,0.1574,0.0
2010-12-18,0.1564,0.0
2010-12-19,0.1559,0.0
2010-12-20,0.1552,0.0
2010-12-21,0.1549,0.0
2010-12-22,0.1538,0.0
2010-12-23,0.152,2.5
2010-12-24,0.1524,2.2
2010-12-25,0.1534,0.0
2010-12-26,0.1529,0.0
2010-12-27,0.1526,0.0
2010-12-28,0.1521,0.0
2010-12-29,0.1528,0.0
2010-12-30,0.1543,0.0
2010-12-31,0.171,10.3
2011-01-01,0.1727,0.0
2011-01-02,0.171,0.0
2011-01-03,0.1708,0.0
2011-01-04,0.1704,0.0
2011-01-05,0.1702,0.0
2011-01-06,0.17,0.0
2011-01-07,0.1698,0.0
2011-01-08,0.169,0.0
2011-01-09,0.1683,1.0
2011-01-10,0.1681,1.5
2011-01-11,0.1677,0.0
2011-01-12,0.167,0.0
2011-01-13,0.1662,0.0
2011-01-14,0.1656,0.0
2011-01-15,0.1654,0.0
2011-01-16,0.1657,0.0
2011-01-17,0.1666,0.0
2011-01-18,0.1668,0.0
2011-01-19,0.1668,1.9
2011-01-20,0.1659,5.7
2011-01-21,0.1682,0.0
2011-01-22,0.1726,0.0
2011-01-23,0.1778,0.0
2011-01-24,0.1772,0.0
2011-01-25,0.1762,0.0
2011-01-26,0.1755,0.0
2011-01-27,0.1756,0.0
2011-01-28,0.175,0.0
2011-01-29,0.175,0.0
2011-01-30,0.1751,0.0
2011-01-31,0.1744,0.0
2011-02-01,0.1734,16.3
2011-02-02,0.1728,0.0
2011-02-03,0.1733,0.0
2011-02-04,0.1742,1.5
2011-02-05,0.1773,0.0
2011-02-06,0.1891,0.0
2011-02-07,0.21,0.0
2011-02-08,0.2119,2.1
2011-02-09,0.2088,10.6
2011-02-10,0.2072,0.0
2011-02-11,0.206,0.0
2011-02-12,0.2092,0.0
2011-02-13,0.2202,0.0
2011-02-14,0.2516,0.0
2011-02-15,0.2661,0.0
2011-02-16,0.2632,0.0
2011-02-17,0.2619,0.0
2011-02-18,0.2598,0.0
2011-02-19,0.2584,0.0
2011-02-20,0.258,1.3
2011-02-21,0.2562,0.0
2011-02-22,0.2538,0.0
2011-02-23,0.2534,0.0
2011-02-24,0.292,46.1
2011-02-25,0.2944,0.0
2011-02-26,0.2898,0.0
2011-02-27,0.2878,0.0
2011-02-28,0.2802,0.6
2011-03-01,0.276,0.0
2011-03-02,0.2738,0.0
2011-03-03,0.2697,0.0
2011-03-04,0.2673,0.0
2011-03-05,0.2656,0.0
2011-03-06,0.2628,0.0
2011-03-07,0.262,0.0
2011-03-08,0.2791,13.8
2011-03-09,0.2813,0.0
2011-03-10,0.2782,0.0
2011-03-11,0.2754,0.0
2011-03-12,0.2732,0.0
2011-03-13,0.2707,0.9
2011-03-14,0.2686,0.0
2011-03-15,0.2669,0.0
2011-03-16,0.2659,0.0
2011-03-17,0.2656,0.0
2011-03-18,0.2637,0.0
2011-03-19,0.2622,0.0
2011-03-20,0.2606,0.0
2011-03-21,0.2586,0.0
2011-03-22,0.2558,0.0
2011-03-23,0.2518,0.0
2011-03-24,0.2478,0.0
2011-03-25,0.2444,0.0
2011-03-26,0.2411,0.0
2011-03-27,0.2396,0.0
2011-03-28,0.2388,0.0
2011-03-29,0.2375,1.6
2011-03-30,0.236,0.0
2011-03-31,0.2344,0.0
2011-04-01,0.2318,0.0
2011-04-02,0.2269,0.0
2011-04-03,0.2234,0.0
2011-04-04,0.2185,0.0
2011-04-05,0.2141,0.0
2011-04-06,0.2092,0.0
2011-04-07,0.205,0.0
2011-04-08,0.2017,0.0
2011-04-09,0.198,0.0
2011-04-10,0.1942,0.0
2011-04-11,0.1897,0.0
2011-04-12,0.1853,0.0
2011-04-13,0.181,0.0
2011-04-14,0.1778,0.0
2011-04-15,0.1744,1.1
2011-04-16,0.1718,0.0
2011-04-17,0.1688,0.0
2011-04-18,0.1664,0.0
2011-04-19,0.1638,0.0
2011-04-20,0.1604,0.0
2011-04-21,0.1579,2.5
2011-04-22,0.1582,0.0
2011-04-23,0.1556,0.0
2011-04-24,0.2063,36.3
2011-04-25,0.2475,3.3
2011-04-26,0.2514,0.0
2011-04-27,0.249,2.0
2011-04-28,0.246,0.0
2011-04-29,0.2398,0.0
2011-04-30,0.2326,0.0
2011-05-01,0.2384,12.5
2011-05-02,0.2478,0.0
2011-05-03,0.2436,0.0
2011-05-04,0.2374,0.0
2011-05-05,0.2306,0.0
2011-05-06,0.2228,0.0
2011-05-07,0.2137,0.0
2011-05-08,0.2045,0.0
2011-05-09,0.1943,0.0
2011-05-10,0.1936,13.0
2011-05-11,0.2259,29.7
2011-05-12,0.2559,0.0
2011-05-13,0.2498,0.0
2011-05-14,0.2437,0.0
2011-05-15,0.2378,0.0
2011-05-16,0.2318,0.0
2011-05-17,0.2249,0.0
2011-05-18,0.2184,1.4
2011-05-19,0.2144,1.5
2011-05-20,0.2422,20.6
2011-05-21,0.253,0.0
2011-05-22,0.2448,0.0
2011-05-23,0.2383,6.0
2011-05-24,0.2414,20.9
2011-05-25,0.2495,0.0
2011-05-26,0.2416,0.0
2011-05-27,0.2354,0.0
2011-05-28,0.2324,0.0
2011-05-29,0.2227,0.0
2011-05-30,0.2117,0.0
2011-05-31,0.2013,0.0
2011-06-01,0.1923,0.0
2011-06-02,0.1834,0.0
2011-06-03,0.1743,0.0
2011-06-04,0.1661,0.0
2011-06-05,0.1586,0.0
2011-06-06,0.1513,0.0
2011-06-07,0.1452,0.0
2011-06-08,0.14,0.0
2011-06-09,0.1355,0.0
2011-06-10,0.1329,2.7
2011-06-11,0.1308,0.0
2011-06-12,0.1535,18.7
2011-06-13,0.1504,0.0
2011-06-14,0.142,0.0
2011-06-15,0.1346,0.0
2011-06-16,0.1554,15.6
2011-06-17,0.149,0.3
2011-06-18,0.1392,0.0
2011-06-19,0.1304,0.0
2011-06-20,0.1248,6.0
2011-06-21,0.1237,0.0
2011-06-22,0.1208,0.0
2011-06-23,0.1186,0.0
2011-06-24,0.117,0.0
2011-06-25,0.1154,0.0
2011-06-26,0.114,0.0
2011-06-27,0.1124,0.0
2011-06-28,0.111,1.2
2011-06-29,0.111,0.0
2011-06-30,0.1101,0.0
2011-07-01,0.1094,0.0
2011-07-02,0.1082,0.0
2011-07-03,0.1074,0.0
2011-07-04,0.1068,0.0
2011-07-05,0.1062,0.0
2011-07-06,0.1054,0.0
2011-07-07,0.1046,0.0
2011-07-08,0.1048,0.0
2011-07-09,0.1043,0.0
2011-07-10,0.1042,0.0
2011-07-11,0.1038,0.0
2011-07-12,0.1025,2.5
2011-07-13,0.1032,1.6
2011-07-14,0.1032,0.0
2011-07-15,0.104,0.0
2011-07-16,0.1039,0.0
2011-07-17,0.1036,0.0
2011-07-18,0.1034,0.0
2011-07-19,0.103,0.0
2011-07-20,0.1028,0.0
2011-07-21,0.1021,0.0
2011-07-22,0.1017,0.0
2011-07-23,0.1014,0.0
2011-07-24,0.1011,0.6
2011-07-25,0.1004,1.5
2011-07-26,0.1008,0.0
2011-07-27,0.1016,0.0
2011-07-28,0.1008,0.0
2011-07-29,0.1003,0.0
2011-07-30,0.1003,0.0
2011-07-31,0.0999,0.0
2011-08-01,0.1001,0.0
2011-08-02,0.1,0.0
2011-08-03,0.0992,0.0
2011-08-04,0.0992,0.0
2011-08-05,0.0995,0.0
2011-08-06,0.0988,1.9
2011-08-07,0.0981,0.0
2011-08-08,0.1035,11.3
2011-08-09,0.1216,0.5
2011-08-10,0.1204,2.4
2011-08-11,0.1278,7.8
2011-08-12,0.1328,3.9
2011-08-13,0.1337,0.0
2011-08-14,0.1303,0.0
2011-08-15,0.1266,0.0
2011-08-16,0.1233,0.0
2011-08-17,0.1196,0.0
2011-08-18,0.1164,0.2
2011-08-19,0.113,0.0
2011-08-20,0.1104,0.0
2011-08-21,0.1088,0.0
2011-08-22,0.1332,18.7
2011-08-23,0.1363,0.0
2011-08-24,0.131,0.0
2011-08-25,0.1262,0.0
2011-08-26,0.1211,0.0
2011-08-27,0.1173,0.0
2011-08-28,0.1143,0.0
2011-08-29,0.111,0.0
2011-08-30,0.1088,0.0
2011-08-31,0.1072,0.0
2011-09-01,0.105,0.0
2011-09-02,0.1035,0.0
2011-09-03,0.1023,6.2
2011-09-04,0.1013,0.3
2011-09-05,0.0994,0.0
2011-09-06,0.0983,0.0
2011-09-07,0.0978,0.0
2011-09-08,0.097,0.0
2011-09-09,0.0972,0.0
2011-09-10,0.0968,0.0
2011-09-11,0.097,0.0
2011-09-12,0.0968,0.0
2011-09-13,0.0975,0.0
2011-09-14,0.0966,0.0
2011-09-15,0.0949,1.0
2011-09-16,0.1004,10.5
2011-09-17,0.1134,16.5
2011-09-18,0.1404,0.0
2011-09-19,0.1393,0.0
2011-09-20,0.1385,0.0
2011-09-21,0.1376,0.3
2011-09-22,0.2091,35.3
2011-09-23,0.2011,0.0
2011-09-24,0.1935,0.0
2011-09-25,0.1872,0.0
2011-09-26,0.1813,0.0
2011-09-27,0.1759,0.0
2011-09-28,0.1703,0.0
2011-09-29,0.1639,0.0
2011-09-30,0.1576,0.0
2011-10-01,0.1516,0.0
2011-10-02,0.1461,0.0
2011-10-03,0.1412,0.0
2011-10-04,0.1368,0.0
2011-10-05,0.1322,0.0
2011-10-06,0.1284,0.0
2011-10-07,0.1244,0.0
2011-10-08,0.1217,5.6
2011-10-09,0.1465,34.6
2011-10-10,0.2082,0.0
2011-10-11,0.2004,1.6
2011-10-12,0.1991,1.6
2011-10-13,0.1924,0.0
2011-10-14,0.1859,0.0
2011-10-15,0.1794,0.0
2011-10-16,0.1737,0.0
2011-10-17,0.1676,0.0
2011-10-18,0.1622,0.0
2011-10-19,0.1565,0.0
2011-10-20,0.1521,0.0
2011-10-21,0.1484,0.0
2011-10-22,0.1463,5.5
2011-10-23,0.1468,0.0
2011-10-24,0.145,0.0
2011-10-25,0.1428,0.7
2011-10-26,0.1412,0.0
2011-10-27,0.141,3.6
2011-10-28,0.129,0.0
2011-10-29,0.1163,0.0
2011-10-30,0.115,0.0
2011-10-31,0.1128,0.0
2011-11-01,0.1118,0.0
2011-11-02,0.1116,0.3
2011-11-03,0.109,0.0
2011-11-04,0.107,0.0
2011-11-05,0.106,0.0
2011-11-06,0.106,0.0
2011-11-07,0.1139,29.4
2011-11-08,0.2088,10.1
2011-11-09,0.1969,0.0
2011-11-10,0.1893,0.0
2011-11-11,0.1844,0.0
2011-11-12,0.1809,0.0
2011-11-13,0.178,0.0
2011-11-14,0.1757,0.0
2011-11-15,0.1733,0.0
2011-11-16,0.1705,0.0
2011-11-17,0.1674,0.0
2011-11-18,0.1658,0.0
2011-11-19,0.1654,0.0
2011-11-20,0.1632,0.0
2011-11-21,0.1665,14.9
2011-11-22,0.1883,0.0
2011-11-23,0.1862,0.0
2011-11-24,0.1834,0.0
2011-11-25,0.1822,5.6
2011-11-26,0.2067,8.2
2011-11-27,0.1966,0.0
2011-11-28,0.191,0.0
2011-11-29,0.1879,0.0
2011-11-30,0.1864,0.0
2011-12-01,0.1852,0.0
2011-12-02,0.1848,0.0
2011-12-03,0.2017,13.6
2011-12-04,0.2086,0.0
2011-12-05,0.2038,0.0
2011-12-06,0.2011,0.0
2011-12-07,0.1983,0.0
2011-12-08,0.197,0.0
2011-12-09,0.1958,0.0
2011-12-10,0.1944,0.0
2011-12-11,0.1934,0.0
2011-12-12,0.1934,0.0
2011-12-13,0.199,6.5
2011-12-14,0.2098,2.5
2011-12-15,0.2113,0.0
2011-12-16,0.2089,0.0
2011-12-17,0.207,0.0
2011-12-18,0.2067,0.0
2011-12-19,0.224,23.9
2011-12-20,0.2492,4.4
2011-12-21,0.2438,0.0
2011-12-22,0.2382,0.0
2011-12-23,0.2352,0.0
2011-12-24,0.2322,0.0
2011-12-25,0.23,0.0
2011-12-26,0.2292,0.3
2011-12-27,0.2276,0.0
2011-12-28,0.2265,0.0
2011-12-29,0.2248,0.0
2011-12-30,0.2239,0.0
2011-12-31,0.2222,0.0
2012-01-01,0.2212,0.0
2012-01-02,0.2192,0.0
2012-01-03,0.2181,0.0
2012-01-04,0.2171,0.0
2012-01-05,0.2158,0.0
2012-01-06,0.2146,0.0
2012-01-07,0.2136,0.0
2012-01-08,0.2128,0.0
2012-01-09,0.2113,0.0
2012-01-10,0.2106,0.0
2012-01-11,0.2094,0.8
2012-01-12,0.208,0.0
2012-01-13,0.2064,0.0
2012-01-14,0.2053,0.0
2012-01-15,0.2048,0.0
2012-01-16,0.2048,0.0
2012-01-17,0.2042,0.0
2012-01-18,0.2027,0.0
2012-01-19,0.201,0.0
2012-01-20,0.2009,0.0
2012-01-21,0.2,0.0
2012-01-22,0.1991,0.0
2012-01-23,0.1987,0.0
2012-01-24,0.1989,16.6
2012-01-25,0.2517,8.3
2012-01-26,0.2419,0.0
2012-01-27,0.2376,0.0
2012-01-28,0.2344,0.0
2012-01-29,0.2322,0.0
2012-01-30,0.2303,0.0
2012-01-31,0.2298,0.0
2012-02-01,0.2281,0.0
2012-02-02,0.2261,0.0
2012-02-03,0.2723,55.2
2012-02-04,0.276,0.0
2012-02-05,0.2681,0.0
2012-02-06,0.2602,0.0
2012-02-07,0.2557,0.0
2012-02-08,0.2526,0.0
2012-02-09,0.2525,6.1
2012-02-10,0.2594,0.0
2012-02-11,0.2556,0.0
2012-02-12,0.2522,4.1
2012-02-13,0.2537,1.5
2012-02-14,0.2614,0.0
2012-02-15,0.2646,0.9
2012-02-16,0.262,0.0
2012-02-17,0.2582,0.0
2012-02-18,0.2574,0.4
2012-02-19,0.2552,0.0
2012-02-20,0.2566,6.2
2012-02-21,0.2614,0.0
2012-02-22,0.2588,0.0
2012-02-23,0.2566,0.0
2012-02-24,0.2532,0.0
2012-02-25,0.25,0.0
2012-02-26,0.2478,0.0
2012-02-27,0.2455,0.0
2012-02-28,0.2435,0.9
2012-02-29,0.2425,0.0
2012-03-01,0.2392,0.0
2012-03-02,0.2351,0.0
2012-03-03,0.2324,0.0
2012-03-04,0.2298,0.0
2012-03-05,0.2276,0.0
2012-03-06,0.2253,0.0
2012-03-07,0.2236,0.0
2012-03-08,0.2374,18.5
2012-03-09,0.2483,0.0
2012-03-10,0.2452,0.2
2012-03-11,0.2832,21.0
2012-03-12,0.2811,0.0
2012-03-13,0.272,0.0
2012-03-14,0.2633,0.0
2012-03-15,0.2577,0.0
2012-03-16,0.2536,0.0
2012-03-17,0.2504,0.0
2012-03-18,0.2473,0.0
2012-03-19,0.3003,39.6
2012-03-20,0.3556,1.5
2012-03-21,0.3622,14.7
2012-03-22,0.3658,2.6
2012-03-23,0.3485,0.0
2012-03-24,0.322,0.0
2012-03-25,0.3069,0.0
2012-03-26,0.2921,0.0
2012-03-27,0.2795,0.0
2012-03-28,0.2703,0.0
2012-03-29,0.2629,0.0
2012-03-30,0.2546,0.0
2012-03-31,0.2467,0.0
2012-04-01,0.2378,0.0
2012-04-02,0.2271,0.0
2012-04-03,0.2205,4.6
2012-04-04,0.2187,0.0
2012-04-05,0.2155,0.0
2012-04-06,0.2134,0.0
2012-04-07,0.2114,3.5
2012-04-08,0.2107,0.0
2012-04-09,0.2078,0.0
2012-04-10,0.2037,0.0
2012-04-11,0.2534,27.9
2012-04-12,0.2592,0.0
2012-04-13,0.2529,1.4
2012-04-14,0.3614,83.1
2012-04-15,0.3658,12.4
2012-04-16,0.3339,0.0
2012-04-17,0.3087,0.0
2012-04-18,0.29,0.0
2012-04-19,0.2754,0.0
2012-04-20,0.2664,0.0
2012-04-21,0.2576,0.0
2012-04-22,0.2488,0.0
2012-04-23,0.239,0.0
2012-04-24,0.2294,0.0
2012-04-25,0.218,0.0
2012-04-26,0.2086,0.0
2012-04-27,0.1995,0.0
2012-04-28,0.1923,0.0
2012-04-29,0.2104,12.8
2012-04-30,0.2283,11.3
2012-05-01,0.222,0.0
2012-05-02,0.214,0.0
2012-05-03,0.2052,0.0
2012-05-04,0.1976,0.0
2012-05-05,0.1902,0.0
2012-05-06,0.1813,0.0
2012-05-07,0.1758,0.0
2012-05-08,0.1704,0.0
2012-05-09,0.1647,0.0
2012-05-10,0.1599,0.0
2012-05-11,0.1565,1.2
2012-05-12,0.1552,0.8
2012-05-13,0.1535,0.0
2012-05-14,0.1504,0.0
2012-05-15,0.1474,0.0
2012-05-16,0.1434,0.0
2012-05-17,0.1401,0.0
2012-05-18,0.137,0.0
2012-05-19,0.1336,0.0
2012-05-20,0.1309,0.0
2012-05-21,0.128,2.2
2012-05-22,0.1251,0.0
2012-05-23,0.1224,0.0
2012-05-24,0.12,0.0
2012-05-25,0.1187,0.0
2012-05-26,0.117,0.0
2012-05-27,0.1154,0.0
2012-05-28,0.1212,14.1
2012-05-29,0.1424,3.7
2012-05-30,0.1384,6.8
2012-05-31,0.1438,0.0
2012-06-01,0.1427,6.9
2012-06-02,0.1468,0.0
2012-06-03,0.1443,3.2
2012-06-04,0.1388,0.0
2012-06-05,0.1318,0.0
2012-06-06,0.1368,12.1
2012-06-07,0.1476,0.0
2012-06-08,0.1433,0.0
2012-06-09,0.1365,0.0
2012-06-10,0.1328,0.0
2012-06-11,0.13,0.0
2012-06-12,0.1271,0.0
2012-06-13,0.1245,0.0
2012-06-14,0.1226,0.0
2012-06-15,0.1828,31.3
2012-06-16,0.1739,0.0
2012-06-17,0.1652,0.0
2012-06-18,0.154,0.0
2012-06-19,0.1444,0.0
2012-06-20,0.1374,0.0
2012-06-21,0.1333,1.8
2012-06-22,0.1297,0.0
2012-06-23,0.1242,0.0
2012-06-24,0.1192,0.0
2012-06-25,0.1151,0.0
2012-06-26,0.1117,0.0
2012-06-27,0.1104,0.0
2012-06-28,0.1075,0.0
2012-06-29,0.1061,0.0
2012-06-30,0.1049,0.0
2012-07-01,0.1039,0.0
2012-07-02,0.1028,0.0
2012-07-03,0.1023,0.0
2012-07-04,0.1012,0.0
2012-07-05,0.1006,0.0
2012-07-06,0.0997,0.0
2012-07-07,0.0986,0.0
2012-07-08,0.0975,0.0
2012-07-09,0.0974,0.0
2012-07-10,0.097,0.0
2012-07-11,0.0956,0.0
2012-07-12,0.0955,0.0
2012-07-13,0.0955,0.2
2012-07-14,0.0952,1.9
2012-07-15,0.0949,0.0
2012-07-16,0.095,0.0
2012-07-17,0.095,0.0
2012-07-18,0.0949,0.0
2012-07-19,0.0946,0.2
2012-07-20,0.0942,0.0
2012-07-21,0.0934,0.0
2012-07-22,0.0936,0.0
2012-07-23,0.093,0.0
2012-07-24,0.093,0.0
2012-07-25,0.0927,0.0
2012-07-26,0.0924,0.0
2012-07-27,0.0926,0.0
2012-07-28,0.0924,0.0
2012-07-29,0.0921,0.0
2012-07-30,0.0921,0.0
2012-07-31,0.0914,0.0
2012-08-01,0.0909,0.0
2012-08-02,0.0915,0.0
2012-08-03,0.0905,0.0
2012-08-04,0.0902,0.0
2012-08-05,0.0895,0.4
2012-08-06,0.0891,0.0
2012-08-07,0.1009,10.4
2012-08-08,0.1031,0.0
2012-08-09,0.1006,0.0
2012-08-10,0.0988,0.0
2012-08-11,0.0962,0.0
2012-08-12,0.0952,0.0
2012-08-13,0.0938,0.0
2012-08-14,0.092,5.7
2012-08-15,0.0927,0.0
2012-08-16,0.093,0.0
2012-08-17,0.0932,0.0
2012-08-18,0.0917,5.3
2012-08-19,0.0915,0.0
2012-08-20,0.0911,0.0
2012-08-21,0.0914,0.0
2012-08-22,0.0913,0.0
2012-08-23,0.0913,0.0
2012-08-24,0.0907,0.0
2012-08-25,0.1178,45.8
2012-08-26,0.198,0.5
2012-08-27,0.1866,0.0
2012-08-28,0.1793,0.0
2012-08-29,0.1733,0.0
2012-08-30,0.1675,0.0
2012-08-31,0.1624,0.0
2012-09-01,0.1571,0.0
2012-09-02,0.1506,0.0
2012-09-03,0.1452,0.0
2012-09-04,0.139,0.0
2012-09-05,0.1344,0.0
2012-09-06,0.1291,0.0
2012-09-07,0.1242,0.8
2012-09-08,0.118,0.0
2012-09-09,0.1138,0.0
2012-09-10,0.1102,0.0
2012-09-11,0.108,0.0
2012-09-12,0.1062,0.0
2012-09-13,0.1024,9.7
2012-09-14,0.1179,7.5
2012-09-15,0.121,0.0
2012-09-16,0.1203,0.0
2012-09-17,0.1166,0.0
2012-09-18,0.1117,0.0
2012-09-19,0.1086,0.0
2012-09-20,0.1056,0.0
2012-09-21,0.1032,0.0
2012-09-22,0.1007,0.0
2012-09-23,0.0988,0.0
2012-09-24,0.0979,0.0
2012-09-25,0.0965,0.0
2012-09-26,0.0949,1.3
2012-09-27,0.0962,7.1
2012-09-28,0.0981,2.1
2012-09-29,0.1003,0.0
2012-09-30,0.0988,0.0
2012-10-01,0.0961,0.0
2012-10-02,0.0943,0.0
2012-10-03,0.0926,0.0
2012-10-04,0.0914,0.0
2012-10-05,0.0898,0.0
2012-10-06,0.088,0.0
2012-10-07,0.0871,0.0
2012-10-08,0.0861,0.0
2012-10-09,0.0866,0.0
2012-10-10,0.0871,0.0
2012-10-11,0.0879,0.0
2012-10-12,0.0889,3.4
2012-10-13,0.0946,8.5
2012-10-14,0.1008,0.0
2012-10-15,0.1001,0.0
2012-10-16,0.0997,0.0
2012-10-17,0.0986,0.0
2012-10-18,0.0961,0.0
2012-10-19,0.0942,0.0
2012-10-20,0.0934,0.0
2012-10-21,0.0942,0.0
2012-10-22,0.0938,0.0
2012-10-23,0.0939,0.0
2012-10-24,0.0934,0.0
2012-10-25,0.0912,0.0
2012-10-26,0.0876,0.0
2012-10-27,0.0856,0.0
2012-10-28,0.0847,0.0
2012-10-29,0.084,0.0
2012-10-30,0.0844,0.0
2012-10-31,0.0842,0.0
2012-11-01,0.0844,0.0
2012-11-02,0.0841,0.0
2012-11-03,0.0844,0.0
2012-11-04,0.083,0.0
2012-11-05,0.0825,0.0
2012-11-06,0.0814,0.0
2012-11-07,0.0808,0.0
2012-11-08,0.0819,0.0
2012-11-09,0.0832,0.0
2012-11-10,0.0837,0.0
2012-11-11,0.0909,11.0
2012-11-12,0.0945,0.0
2012-11-13,0.0928,0.0
2012-11-14,0.0922,0.0
2012-11-15,0.0916,0.0
2012-11-16,0.0912,0.0
2012-11-17,0.0906,0.0
2012-11-18,0.0898,0.0
2012-11-19,0.0909,0.0
2012-11-20,0.091,0.0
2012-11-21,0.0907,0.0
2012-11-22,0.0919,0.0
2012-11-23,0.0902,0.0
2012-11-24,0.087,0.0
2012-11-25,0.0866,0.0
2012-11-26,0.0856,0.0
2012-11-27,0.0842,0.0
2012-11-28,0.0835,0.0
2012-11-29,0.0841,0.0
2012-11-30,0.0841,0.0
2012-12-01,0.0863,0.0
2012-12-02,0.0861,0.0
2012-12-03,0.0871,0.0
2012-12-04,0.0859,0.0
2012-12-05,0.0842,0.0
2012-12-06,0.0839,0.0
2012-12-07,0.0842,0.0
2012-12-08,0.0832,0.0
2012-12-09,0.0832,0.0
2012-12-10,0.0805,0.0
2012-12-11,0.0786,0.0
2012-12-12,0.078,0.0
2012-12-13,0.0789,0.0
2012-12-14,0.0792,1.8
2012-12-15,0.0802,0.0
2012-12-16,0.0795,0.0
2012-12-17,0.0788,0.0
2012-12-18,0.078,0.0
2012-12-19,0.0786,0.0
2012-12-20,0.0782,0.0
2012-12-21,0.0765,0.0
2012-12-22,0.0764,0.0
2012-12-23,0.0761,0.0
2012-12-24,0.075,0.0
2012-12-25,0.075,0.4
2012-12-26,0.0735,0.0
2012-12-27,0.0739,0.0
2012-12-28,0.0735,0.0
2012-12-29,0.073,0.0
2012-12-30,0.0726,0.0
2012-12-31,0.0783,9.4
2013-01-01,0.0841,0.0
2013-01-02,0.084,0.0
2013-01-03,0.0844,0.0
2013-01-04,0.0838,0.0
2013-01-05,0.0856,0.0
2013-01-06,0.0854,0.0
2013-01-07,0.0851,0.0
2013-01-08,0.0861,0.0
2013-01-09,0.0872,2.2
2013-01-10,0.0938,3.9
2013-01-11,0.1009,0.0
2013-01-12,0.1015,0.6
2013-01-13,0.0991,0.0
2013-01-14,0.0975,0.0
2013-01-15,0.0966,0.0
2013-01-16,0.0961,0.0
2013-01-17,0.0958,0.0
2013-01-18,0.0966,0.0
2013-01-19,0.097,0.0
2013-01-20,0.0966,0.0
2013-01-21,0.0962,0.0
2013-01-22,0.0951,0.0
2013-01-23,0.0953,0.0
2013-01-24,0.0956,0.0
2013-01-25,0.0949,0.0
2013-01-26,0.0948,0.0
2013-01-27,0.0963,0.0
2013-01-28,0.0987,0.0
2013-01-29,0.1244,21.9
2013-01-30,0.1477,0.0
2013-01-31,0.1498,0.0
2013-02-01,0.1486,0.0
2013-02-02,0.147,0.0
2013-02-03,0.1464,0.0
2013-02-04,0.1467,0.0
2013-02-05,0.1452,0.0
2013-02-06,0.1451,0.0
2013-02-07,0.1451,0.5
2013-02-08,0.1441,0.0
2013-02-09,0.143,0.3
2013-02-10,0.1443,2.1
2013-02-11,0.1433,0.0
2013-02-12,0.1468,10.4
2013-02-13,0.1605,0.0
2013-02-14,0.161,0.0
2013-02-15,0.1603,0.0
2013-02-16,0.158,0.0
2013-02-17,0.1568,0.0
2013-02-18,0.1567,0.0
2013-02-19,0.1547,0.0
2013-02-20,0.1592,9.2
2013-02-21,0.2,22.1
2013-02-22,0.1924,0.0
2013-02-23,0.1841,0.0
2013-02-24,0.1794,0.0
2013-02-25,0.199,31.6
2013-02-26,0.2198,0.9
2013-02-27,0.2254,0.0
2013-02-28,0.2209,0.0
2013-03-01,0.2177,0.0
2013-03-02,0.215,0.0
2013-03-03,0.2138,0.0
2013-03-04,0.2131,0.0
2013-03-05,0.2119,0.0
2013-03-06,0.2096,0.0
2013-03-07,0.2084,0.0
2013-03-08,0.2076,0.0
2013-03-09,0.2079,1.6
2013-03-10,0.2068,0.2
2013-03-11,0.2052,0.0
2013-03-12,0.2047,0.0
2013-03-13,0.2037,0.0
2013-03-14,0.2028,0.0
2013-03-15,0.203,0.0
2013-03-16,0.203,0.0
2013-03-17,0.2016,0.2
2013-03-18,0.201,0.0
2013-03-19,0.1991,0.0
2013-03-20,0.1983,0.0
2013-03-21,0.1974,0.0
2013-03-22,0.1972,4.1
2013-03-23,0.1972,1.8
2013-03-24,0.1976,0.8
2013-03-25,0.1964,0.0
2013-03-26,0.1957,0.0
2013-03-27,0.1956,0.0
2013-03-28,0.1962,0.0
2013-03-29,0.2106,32.1
2013-03-30,0.2463,0.0
2013-03-31,0.2362,0.0
2013-04-01,0.2307,2.0
2013-04-02,0.2482,18.8
2013-04-03,0.2745,33.9
2013-04-04,0.2862,6.6
2013-04-05,0.2792,0.0
2013-04-06,0.2674,0.0
2013-04-07,0.2574,0.0
2013-04-08,0.2532,0.0
2013-04-09,0.2486,0.0
2013-04-10,0.3095,28.8
2013-04-11,0.303,0.0
2013-04-12,0.2846,0.0
2013-04-13,0.291,8.4
2013-04-14,0.2833,1.0
2013-04-15,0.2717,0.0
2013-04-16,0.2611,0.0
2013-04-17,0.2628,13.4
2013-04-18,0.2864,1.7
2013-04-19,0.2776,0.0
2013-04-20,0.2683,0.0
2013-04-21,0.2602,0.0
2013-04-22,0.2542,1.2
2013-04-23,0.2516,1.0
2013-04-24,0.2497,0.0
2013-04-25,0.2469,0.0
2013-04-26,0.2458,8.4
2013-04-27,0.2546,0.4
2013-04-28,0.2512,0.0
2013-04-29,0.247,0.0
2013-04-30,0.2421,0.0
2013-05-01,0.2372,0.0
2013-05-02,0.2324,4.8
2013-05-03,0.2306,0.0
2013-05-04,0.228,0.0
2013-05-05,0.2252,0.0
2013-05-06,0.2235,0.0
2013-05-07,0.2196,0.0
2013-05-08,0.2144,5.3
2013-05-09,0.254,17.7
2013-05-10,0.2479,0.0
2013-05-11,0.2418,0.0
2013-05-12,0.235,0.0
2013-05-13,0.228,0.0
2013-05-14,0.2179,0.0
2013-05-15,0.2109,2.6
2013-05-16,0.2085,0.0
2013-05-17,0.2051,0.0
2013-05-18,0.2021,2.8
2013-05-19,0.1962,0.2
2013-05-20,0.1929,1.6
2013-05-21,0.1909,4.0
2013-05-22,0.1902,0.0
2013-05-23,0.2291,31.0
2013-05-24,0.2542,0.0
2013-05-25,0.2434,0.9
2013-05-26,0.2359,0.0
2013-05-27,0.2288,0.0
2013-05-28,0.221,0.0
2013-05-29,0.2262,44.9
2013-05-30,0.3572,31.8
2013-05-31,0.3601,18.2
2013-06-01,0.361,2.4
2013-06-02,0.3228,0.0
2013-06-03,0.3006,0.0
2013-06-04,0.3013,10.2
2013-06-05,0.3681,24.5
2013-06-06,0.3453,0.0
2013-06-07,0.3112,0.0
2013-06-08,0.2911,0.6
2013-06-09,0.275,0.0
2013-06-10,0.262,0.0
2013-06-11,0.2453,0.0
2013-06-12,0.2281,0.0
2013-06-13,0.215,0.0
2013-06-14,0.2023,0.0
2013-06-15,0.2622,55.6
2013-06-16,0.298,2.0
2013-06-17,0.3642,23.3
2013-06-18,0.333,0.0
2013-06-19,0.3049,0.0
2013-06-20,0.2827,0.0
2013-06-21,0.2649,0.0
2013-06-22,0.2508,0.0
2013-06-23,0.2362,0.0
2013-06-24,0.2228,0.0
2013-06-25,0.2121,0.8
2013-06-26,0.2025,0.0
2013-06-27,0.195,6.9
2013-06-28,0.1912,0.0
2013-06-29,0.1863,1.0
2013-06-30,0.181,0.0
2013-07-01,0.176,0.0
2013-07-02,0.1708,0.0
2013-07-03,0.1673,0.0
2013-07-04,0.1636,0.0
2013-07-05,0.1604,0.0
2013-07-06,0.1577,0.0
2013-07-07,0.1551,0.0
2013-07-08,0.1516,0.0
2013-07-09,0.1476,0.0
2013-07-10,0.1444,0.9
2013-07-11,0.142,0.0
2013-07-12,0.139,0.0
2013-07-13,0.1356,0.0
2013-07-14,0.1604,22.6
2013-07-15,0.1748,9.4
2013-07-16,0.1735,0.9
2013-07-17,0.1734,2.6
2013-07-18,0.1698,0.0
2013-07-19,0.1648,0.0
2013-07-20,0.1598,0.0
2013-07-21,0.1568,5.4
2013-07-22,0.1544,0.0
2013-07-23,0.1483,0.0
2013-07-24,0.1609,11.5
2013-07-25,0.1589,0.0
2013-07-26,0.1998,30.9
2013-07-27,0.2169,0.0
2013-07-28,0.2093,0.0
2013-07-29,0.2158,71.3
2013-07-30,0.313,2.7
2013-07-31,0.2804,0.0
2013-08-01,0.2626,0.0
2013-08-02,0.2531,0.0
2013-08-03,0.2454,0.0
2013-08-04,0.2396,0.0
2013-08-05,0.2322,0.0
2013-08-06,0.2224,0.0
2013-08-07,0.214,0.0
2013-08-08,0.22,13.1
2013-08-09,0.2358,11.2
2013-08-10,0.2308,0.0
2013-08-11,0.2259,0.0
2013-08-12,0.2228,4.2
2013-08-13,0.2255,6.9
2013-08-14,0.2244,0.0
2013-08-15,0.2233,21.0
2013-08-16,0.2611,0.0
2013-08-17,0.2526,0.0
2013-08-18,0.2444,0.0
2013-08-19,0.2379,0.0
2013-08-20,0.2312,0.0
2013-08-21,0.2229,0.0
2013-08-22,0.2142,0.0
2013-08-23,0.2054,0.0
2013-08-24,0.1967,0.0
2013-08-25,0.1892,0.0
2013-08-26,0.1816,0.0
2013-08-27,0.1741,0.0
2013-08-28,0.1677,0.0
2013-08-29,0.161,0.0
2013-08-30,0.1553,0.0
2013-08-31,0.1495,0.0
2013-09-01,0.1461,0.0
2013-09-02,0.1431,0.0
2013-09-03,0.1403,0.0
2013-09-04,0.1372,0.0
2013-09-05,0.1352,0.0
2013-09-06,0.1328,0.0
2013-09-07,0.1307,0.0
2013-09-08,0.1282,0.0
2013-09-09,0.1256,0.0
2013-09-10,0.1225,0.0
2013-09-11,0.1202,0.0
2013-09-12,0.1175,0.0
2013-09-13,0.116,0.0
2013-09-14,0.1134,0.0
2013-09-15,0.1127,0.0
2013-09-16,0.1133,6.2
2013-09-17,0.1141,1.5
2013-09-18,0.1136,0.0
2013-09-19,0.1124,0.0
2013-09-20,0.1109,0.0
2013-09-21,0.1086,0.0
2013-09-22,0.1068,0.0
2013-09-23,0.1052,0.0
2013-09-24,0.1048,0.0
2013-09-25,0.1034,0.0
2013-09-26,0.1036,0.0
2013-09-27,0.1032,0.0
2013-09-28,0.1551,39.5
2013-09-29,0.1701,0.0
2013-09-30,0.1676,0.0
2013-10-01,0.1658,0.0
2013-10-02,0.1632,0.0
2013-10-03,0.1604,0.0
2013-10-04,0.1594,21.6
2013-10-05,0.1959,3.0
2013-10-06,0.1902,0.0
2013-10-07,0.1836,0.0
2013-10-08,0.1789,0.0
2013-10-09,0.1758,0.0
2013-10-10,0.1724,0.0
2013-10-11,0.1687,0.0
2013-10-12,0.165,0.0
2013-10-13,0.1609,0.0
2013-10-14,0.1692,11.5
2013-10-15,0.1802,4.7
2013-10-16,0.1793,0.3
2013-10-17,0.1776,0.0
2013-10-18,0.1762,2.9
2013-10-19,0.1759,0.0
2013-10-20,0.1745,0.0
2013-10-21,0.173,0.0
2013-10-22,0.1708,0.0
2013-10-23,0.169,0.0
2013-10-24,0.1669,0.0
2013-10-25,0.1653,0.0
2013-10-26,0.1643,0.5
2013-10-27,0.1626,0.0
2013-10-28,0.1617,0.0
2013-10-29,0.1616,1.2
2013-10-30,0.162,1.7
2013-10-31,0.1647,3.8
2013-11-01,0.1637,0.0
2013-11-02,0.161,0.0
2013-11-03,0.1589,0.0
2013-11-04,0.1584,0.3
2013-11-05,0.1679,39.6
2013-11-06,0.2226,0.7
2013-11-07,0.2116,0.0
2013-11-08,0.206,0.0
2013-11-09,0.2029,0.0
2013-11-10,0.1999,0.0
2013-11-11,0.1989,0.0
2013-11-12,0.1959,0.0
2013-11-13,0.1931,0.0
2013-11-14,0.1912,0.0
2013-11-15,0.1909,0.7
2013-11-16,0.191,0.4
2013-11-17,0.1908,0.0
2013-11-18,0.1892,0.0
2013-11-19,0.1878,0.0
2013-11-20,0.1866,0.0
2013-11-21,0.1862,0.0
2013-11-22,0.184,1.9
2013-11-23,0.1828,0.0
2013-11-24,0.1816,0.0
2013-11-25,0.1811,0.5
2013-11-26,0.1808,0.0
2013-11-27,0.1796,0.0
2013-11-28,0.1782,0.0
2013-11-29,0.1779,0.0
2013-11-30,0.1781,0.0
2013-12-01,0.1776,0.0
2013-12-02,0.1781,0.0
2013-12-03,0.178,0.0
2013-12-04,0.1772,0.0
2013-12-05,0.1757,0.8
2013-12-06,0.1736,4.2
2013-12-07,0.1727,0.0
2013-12-08,0.1717,0.5
2013-12-09,0.1718,0.0
2013-12-10,0.1718,0.0
2013-12-11,0.1734,0.0
2013-12-12,0.1744,0.0
2013-12-13,0.1756,0.5
2013-12-14,0.1759,0.0
2013-12-15,0.1761,0.0
2013-12-16,0.1755,0.0
2013-12-17,0.1754,0.0
2013-12-18,0.1753,0.0
2013-12-19,0.1762,0.0
2013-12-20,0.1764,5.7
2013-12-21,0.1803,8.6
2013-12-22,0.1806,0.0
2013-12-23,0.1788,0.0
2013-12-24,0.1804,0.0
2013-12-25,0.1866,0.0
2013-12-26,0.1876,0.0
2013-12-27,0.1888,0.0
2013-12-28,0.1897,0.0
2013-12-29,0.1902,0.0
2013-12-30,0.1889,0.0
2013-12-31,0.1887,0.0
2014-01-01,0.1886,0.0
2014-01-02,0.188,0.0
2014-01-03,0.1876,0.0
2014-01-04,0.1877,0.0
2014-01-05,0.1872,3.1
2014-01-06,0.187,0.0
2014-01-07,0.1894,0.0
2014-01-08,0.1976,0.8
2014-01-09,0.2026,0.4
2014-01-10,0.203,0.0
2014-01-11,0.2016,0.0
2014-01-12,0.2009,0.0
2014-01-13,0.2013,0.0
2014-01-14,0.2002,0.0
2014-01-15,0.1997,0.0
2014-01-16,0.1993,0.0
2014-01-17,0.1989,0.0
2014-01-18,0.1989,0.0
2014-01-19,0.1982,0.0
2014-01-20,0.1984,0.0
2014-01-21,0.1974,0.0
2014-01-22,0.1964,0.0
2014-01-23,0.1962,0.0
2014-01-24,0.1954,0.0
2014-01-25,0.1948,0.0
2014-01-26,0.1949,0.0
2014-01-27,0.195,0.0
2014-01-28,0.1935,0.3
2014-01-29,0.1935,0.0
2014-01-30,0.1935,0.0
2014-01-31,0.1934,0.0
2014-02-01,0.1933,0.0
2014-02-02,0.1933,0.4
2014-02-03,0.1928,0.0
2014-02-04,0.1924,5.4
2014-02-05,0.1925,0.0
2014-02-06,0.1926,0.9
2014-02-07,0.1928,0.0
2014-02-08,0.1931,0.0
2014-02-09,0.1934,0.0
2014-02-10,0.1938,1.3
2014-02-11,0.1943,1.1
2014-02-12,0.1949,0.0
2014-02-13,0.1956,0.0
2014-02-14,0.1972,0.0
2014-02-15,0.1976,0.0
2014-02-16,0.198,0.0
2014-02-17,0.198,0.0
2014-02-18,0.1975,0.0
2014-02-19,0.1979,0.5
2014-02-20,0.1975,0.0
2014-02-21,0.1969,0.0
2014-02-22,0.1965,0.0
2014-02-23,0.1958,0.0
2014-02-24,0.1952,0.0
2014-02-25,0.1944,0.0
2014-02-26,0.1936,0.0
2014-02-27,0.1929,0.0
2014-02-28,0.1955,4.2
2014-03-01,0.1966,0.0
2014-03-02,0.1951,6.6
2014-03-03,0.1942,0.6
2014-03-04,0.1986,0.0
2014-03-05,0.2087,4.2
2014-03-06,0.2144,0.0
2014-03-07,0.216,0.0
2014-03-08,0.2166,1.7
2014-03-09,0.217,0.0
2014-03-10,0.2172,0.0
2014-03-11,0.2173,0.0
2014-03-12,0.2168,0.0
2014-03-13,0.2155,0.0
2014-03-14,0.2146,0.0
2014-03-15,0.2154,11.7
2014-03-16,0.2372,3.6
2014-03-17,0.2343,0.0
2014-03-18,0.2331,0.0
2014-03-19,0.231,0.0
2014-03-20,0.2288,0.0
2014-03-21,0.2274,0.0
2014-03-22,0.2254,0.0
2014-03-23,0.2232,0.0
2014-03-24,0.2218,0.0
2014-03-25,0.22,0.0
2014-03-26,0.2225,7.1
2014-03-27,0.2254,0.0
2014-03-28,0.2244,0.0
2014-03-29,0.2228,0.0
2014-03-30,0.2219,0.0
2014-03-31,0.2204,0.0
2014-04-01,0.2184,0.0
2014-04-02,0.2174,0.0
2014-04-03,0.2167,0.0
2014-04-04,0.2142,0.0
2014-04-05,0.2124,0.0
2014-04-06,0.21,0.0
2014-04-07,0.209,0.7
2014-04-08,0.207,0.0
2014-04-09,0.2048,0.0
2014-04-10,0.2031,0.0
2014-04-11,0.2016,0.0
2014-04-12,0.2,0.0
2014-04-13,0.209,14.7
2014-04-14,0.2188,0.3
2014-04-15,0.2154,0.0
2014-04-16,0.2132,0.0
2014-04-17,0.2105,0.0
2014-04-18,0.205,0.0
2014-04-19,0.2,0.0
2014-04-20,0.1982,0.0
2014-04-21,0.1973,0.9
2014-04-22,0.1946,0.0
2014-04-23,0.1918,3.5
2014-04-24,0.1917,0.0
2014-04-25,0.1894,0.0
2014-04-26,0.1862,0.0
2014-04-27,0.1871,5.5
2014-04-28,0.186,0.7
2014-04-29,0.1828,0.0
2014-04-30,0.1803,0.0
2014-05-01,0.177,0.0
2014-05-02,0.1737,0.0
2014-05-03,0.1693,0.0
2014-05-04,0.1642,0.0
2014-05-05,0.1596,0.0
2014-05-06,0.155,0.0
2014-05-07,0.1508,1.8
2014-05-08,0.1486,3.2
2014-05-09,0.1462,0.0
2014-05-10,0.143,0.0
2014-05-11,0.1406,0.0
2014-05-12,0.1375,0.4
2014-05-13,0.1348,0.0
2014-05-14,0.1322,0.0
2014-05-15,0.129,0.0
2014-05-16,0.1266,0.0
2014-05-17,0.1244,0.4
2014-05-18,0.1233,0.0
2014-05-19,0.1224,0.0
2014-05-20,0.1204,0.0
2014-05-21,0.1184,0.0
2014-05-22,0.1168,0.0
2014-05-23,0.1149,2.5
2014-05-24,0.1146,0.7
2014-05-25,0.113,0.7
2014-05-26,0.1126,2.6
2014-05-27,0.1121,1.9
2014-05-28,0.1124,0.0
2014-05-29,0.111,0.7
2014-05-30,0.1097,0.3
2014-05-31,0.1086,0.0
2014-06-01,0.1075,0.0
2014-06-02,0.2508,86.8
2014-06-03,0.2369,0.0
2014-06-04,0.2269,0.0
2014-06-05,0.2259,5.5
2014-06-06,0.2338,8.0
2014-06-07,0.2615,17.7
2014-06-08,0.2649,15.3
2014-06-09,0.2634,2.4
2014-06-10,0.2547,0.7
2014-06-11,0.2462,0.0
2014-06-12,0.2551,11.7
2014-06-13,0.2494,0.0
2014-06-14,0.2412,0.0
2014-06-15,0.2342,0.0
2014-06-16,0.2254,0.0
2014-06-17,0.215,0.0
2014-06-18,0.2048,0.0
2014-06-19,0.2028,8.1
2014-06-20,0.201,0.0
2014-06-21,0.1937,0.0
2014-06-22,0.1859,0.0
2014-06-23,0.187,8.1
2014-06-24,0.1837,2.2
2014-06-25,0.1794,0.0
2014-06-26,0.174,0.0
2014-06-27,0.1689,0.0
2014-06-28,0.1838,20.7
2014-06-29,0.1952,0.0
2014-06-30,0.1887,0.0
2014-07-01,0.182,0.0
2014-07-02,0.176,0.0
2014-07-03,0.1685,0.0
2014-07-04,0.1609,0.0
2014-07-05,0.1533,0.0
2014-07-06,0.1457,0.0
2014-07-07,0.1383,0.0
2014-07-08,0.1321,0.0
2014-07-09,0.1272,0.0
2014-07-10,0.135,14.0
2014-07-11,0.138,0.0
2014-07-12,0.1317,0.0
2014-07-13,0.1253,0.0
2014-07-14,0.1214,1.8
2014-07-15,0.1172,0.0
2014-07-16,0.1352,34.3
2014-07-17,0.2342,43.1
2014-07-18,0.2521,0.0
2014-07-19,0.2423,0.0
2014-07-20,0.2353,0.0
2014-07-21,0.2288,0.0
2014-07-22,0.2222,0.0
2014-07-23,0.2158,0.0
2014-07-24,0.2096,0.0
2014-07-25,0.2016,0.0
2014-07-26,0.1932,0.0
2014-07-27,0.1848,0.0
2014-07-28,0.1776,0.0
2014-07-29,0.1706,0.4
2014-07-30,0.1746,12.7
2014-07-31,0.1884,0.7
2014-08-01,0.1856,0.0
2014-08-02,0.1798,0.0
2014-08-03,0.1728,0.0
2014-08-04,0.1661,0.0
2014-08-05,0.158,0.0
2014-08-06,0.1517,0.0
2014-08-07,0.1454,0.0
2014-08-08,0.2211,52.2
2014-08-09,0.2245,0.0
2014-08-10,0.215,0.0
2014-08-11,0.2065,0.0
2014-08-12,0.1991,0.0
2014-08-13,0.1913,0.0
2014-08-14,0.1832,0.0
2014-08-15,0.1753,0.0
2014-08-16,0.1675,0.0
2014-08-17,0.1594,0.0
2014-08-18,0.1529,3.2
2014-08-19,0.1475,0.0
2014-08-20,0.1412,0.0
2014-08-21,0.1352,0.0
2014-08-22,0.1281,0.0
2014-08-23,0.122,0.0
2014-08-24,0.1167,0.0
2014-08-25,0.1127,0.0
2014-08-26,0.1094,0.0
2014-08-27,0.107,0.0
2014-08-28,0.1047,0.4
2014-08-29,0.1034,3.2
2014-08-30,0.1023,0.0
2014-08-31,0.1018,0.0
2014-09-01,0.1018,0.0
2014-09-02,0.1442,27.4
2014-09-03,0.1533,0.0
2014-09-04,0.1448,0.0
2014-09-05,0.1367,10.3
2014-09-06,0.2367,55.7
2014-09-07,0.2266,0.0
2014-09-08,0.2174,0.0
2014-09-09,0.2098,0.0
2014-09-10,0.204,0.0
2014-09-11,0.1998,0.0
2014-09-12,0.1958,0.4
2014-09-13,0.1918,0.0
2014-09-14,0.188,0.0
2014-09-15,0.1836,0.2
2014-09-16,0.1804,0.0
2014-09-17,0.1759,0.0
2014-09-18,0.1849,12.5
2014-09-19,0.1868,0.0
2014-09-20,0.1826,0.0
2014-09-21,0.1781,0.0
2014-09-22,0.1737,0.0
2014-09-23,0.1686,0.0
2014-09-24,0.1636,0.0
2014-09-25,0.1583,0.0
2014-09-26,0.1534,0.0
2014-09-27,0.1481,0.0
2014-09-28,0.1444,0.0
2014-09-29,0.14,0.0
2014-09-30,0.1364,0.0
2014-10-01,0.141,6.6
2014-10-02,0.1391,0.0
2014-10-03,0.1351,0.0
2014-10-04,0.1309,0.0
2014-10-05,0.1276,0.3
2014-10-06,0.1246,0.0
2014-10-07,0.1216,0.0
2014-10-08,0.1191,0.0
2014-10-09,0.1182,0.0
2014-10-10,0.1478,24.1
2014-10-11,0.1491,0.6
2014-10-12,0.1466,8.5
2014-10-13,0.1894,25.2
2014-10-14,0.2106,0.0
2014-10-15,0.2037,0.0
2014-10-16,0.2,0.0
2014-10-17,0.1961,0.0
2014-10-18,0.1927,0.0
2014-10-19,0.1903,0.0
2014-10-20,0.1884,0.0
2014-10-21,0.1861,0.0
2014-10-22,0.1848,4.8
2014-10-23,0.1878,0.8
2014-10-24,0.1866,0.0
2014-10-25,0.1845,0.0
2014-10-26,0.1823,0.0
2014-10-27,0.1804,0.8
2014-10-28,0.1787,0.0
2014-10-29,0.1762,0.0
2014-10-30,0.1736,0.0
2014-10-31,0.1715,0.0
2014-11-01,0.1695,0.0
2014-11-02,0.1678,0.0
2014-11-03,0.1708,34.8
2014-11-04,0.2414,17.4
2014-11-05,0.235,0.0
2014-11-06,0.2317,0.0
2014-11-07,0.228,0.0
2014-11-08,0.2262,0.0
2014-11-09,0.2238,0.0
2014-11-10,0.2229,0.0
2014-11-11,0.2203,0.0
2014-11-12,0.2176,0.0
2014-11-13,0.2161,0.0
2014-11-14,0.2144,0.0
2014-11-15,0.214,0.0
2014-11-16,0.213,2.5
2014-11-17,0.2117,0.0
2014-11-18,0.2106,0.0
2014-11-19,0.2106,0.0
2014-11-20,0.2104,0.0
2014-11-21,0.2109,0.0
2014-11-22,0.211,0.6
2014-11-23,0.2108,2.9
2014-11-24,0.2114,0.0
2014-11-25,0.2106,0.0
2014-11-26,0.2102,0.0
2014-11-27,0.2088,0.0
2014-11-28,0.2083,0.0
2014-11-29,0.2086,0.0
2014-11-30,0.2083,0.0
2014-12-01,0.2069,0.0
2014-12-02,0.2053,0.0
2014-12-03,0.2052,0.0
2014-12-04,0.2047,2.7
2014-12-05,0.2077,1.5
2014-12-06,0.208,0.0
2014-12-07,0.2077,0.0
2014-12-08,0.2077,0.0
2014-12-09,0.207,0.0
2014-12-10,0.2062,0.0
2014-12-11,0.2064,0.0
2014-12-12,0.2066,0.0
2014-12-13,0.2064,0.0
2014-12-14,0.2072,2.0
2014-12-15,0.2075,0.0
2014-12-16,0.207,0.0
2014-12-17,0.2076,4.7
2014-12-18,0.2126,0.3
2014-12-19,0.2132,0.0
2014-12-20,0.2126,0.0
2014-12-21,0.2121,0.2
2014-12-22,0.212,0.0
2014-12-23,0.212,0.0
2014-12-24,0.2117,0.4
2014-12-25,0.2108,0.0
2014-12-26,0.2106,0.0
2014-12-27,0.2102,0.2
2014-12-28,0.2092,0.0
2014-12-29,0.2076,0.0
2014-12-30,0.2069,0.0
2014-12-31,0.2059,0.0
2015-01-01,0.2057,0.4
2015-01-02,0.2062,2.5
2015-01-03,0.218,4.6
2015-01-04,0.2168,0.0
2015-01-05,0.2163,0.0
2015-01-06,0.2156,0.0
2015-01-07,0.215,0.0
2015-01-08,0.2142,0.0
2015-01-09,0.2134,0.0
2015-01-10,0.2128,0.0
2015-01-11,0.2126,0.4
2015-01-12,0.2126,0.0
2015-01-13,0.2125,0.0
2015-01-14,0.2118,0.0
2015-01-15,0.2118,0.0
2015-01-16,0.2119,0.0
2015-01-17,0.2118,0.0
2015-01-18,0.2109,0.0
2015-01-19,0.2108,0.0
2015-01-20,0.2113,0.0
2015-01-21,0.2108,0.0
2015-01-22,0.2104,0.0
2015-01-23,0.21,0.0
2015-01-24,0.2087,0.0
2015-01-25,0.209,0.0
2015-01-26,0.2087,0.0
2015-01-27,0.2082,0.0
2015-01-28,0.208,0.0
2015-01-29,0.2076,0.0
2015-01-30,0.206,0.0
2015-01-31,0.2152,19.3
2015-02-01,0.241,0.8
2015-02-02,0.236,0.0
2015-02-03,0.2328,0.0
2015-02-04,0.2302,0.0
2015-02-05,0.2292,0.0
2015-02-06,0.227,0.0
2015-02-07,0.2263,0.0
2015-02-08,0.2256,0.0
2015-02-09,0.2251,0.0
2015-02-10,0.2242,0.0
2015-02-11,0.2235,0.0
2015-02-12,0.2214,0.0
2015-02-13,0.2211,0.0
2015-02-14,0.2197,0.0
2015-02-15,0.2194,6.7
2015-02-16,0.2224,5.2
2015-02-17,0.2306,0.0
2015-02-18,0.2328,0.0
2015-02-19,0.2306,0.0
2015-02-20,0.2306,0.0
2015-02-21,0.2301,0.0
2015-02-22,0.2288,2.9
2015-02-23,0.2277,0.9
2015-02-24,0.2294,0.0
2015-02-25,0.234,0.0
2015-02-26,0.2339,0.0
2015-02-27,0.23,0.0
2015-02-28,0.2287,6.0
2015-03-01,0.2328,0.0
2015-03-02,0.24,0.0
2015-03-03,0.2384,0.0
2015-03-04,0.2356,1.2
2015-03-05,0.2342,0.0
2015-03-06,0.2327,0.0
2015-03-07,0.2322,0.0
2015-03-08,0.2309,0.0
2015-03-09,0.2357,10.6
2015-03-10,0.2478,0.0
2015-03-11,0.2442,0.0
2015-03-12,0.2411,0.0
2015-03-13,0.2408,6.6
2015-03-14,0.2463,0.0
2015-03-15,0.2434,0.0
2015-03-16,0.2408,0.0
2015-03-17,0.2386,0.0
2015-03-18,0.2372,2.1
2015-03-19,0.2376,4.4
2015-03-20,0.2417,0.0
2015-03-21,0.241,0.0
2015-03-22,0.24,0.0
2015-03-23,0.2385,0.0
2015-03-24,0.2368,0.0
2015-03-25,0.2336,2.1
2015-03-26,0.2324,0.0
2015-03-27,0.2302,0.0
2015-03-28,0.2282,0.0
2015-03-29,0.2249,0.0
2015-03-30,0.2216,0.0
2015-03-31,0.2184,0.0
2015-04-01,0.2149,1.8
2015-04-02,0.2116,0.0
2015-04-03,0.208,0.0
2015-04-04,0.2043,0.0
2015-04-05,0.2025,1.0
2015-04-06,0.2018,0.2
2015-04-07,0.1995,0.0
2015-04-08,0.1968,1.2
2015-04-09,0.1938,0.0
2015-04-10,0.1893,0.0
2015-04-11,0.1866,2.2
2015-04-12,0.1982,0.0
2015-04-13,0.2179,25.1
2015-04-14,0.2346,8.5
2015-04-15,0.237,0.0
2015-04-16,0.2331,0.0
2015-04-17,0.2357,5.8
2015-04-18,0.2348,0.0
2015-04-19,0.2332,3.2
2015-04-20,0.2308,0.0
2015-04-21,0.2268,0.0
2015-04-22,0.2302,7.0
2015-04-23,0.229,0.0
2015-04-24,0.227,0.0
2015-04-25,0.2232,0.0
2015-04-26,0.2188,0.9
2015-04-27,0.2358,36.2
2015-04-28,0.3015,5.3
2015-04-29,0.2776,0.0
2015-04-30,0.2604,0.0
2015-05-01,0.251,0.0
2015-05-02,0.2432,0.0
2015-05-03,0.2358,0.0
2015-05-04,0.2274,0.0
2015-05-05,0.2358,35.6
2015-05-06,0.356,17.3
2015-05-07,0.3222,5.3
2015-05-08,0.3342,20.7
2015-05-09,0.3655,4.7
2015-05-10,0.3615,2.6
2015-05-11,0.3308,0.0
2015-05-12,0.3017,0.0
2015-05-13,0.2981,11.9
2015-05-14,0.325,2.2
2015-05-15,0.3374,8.6
2015-05-16,0.3327,29.0
2015-05-17,0.3738,0.0
2015-05-18,0.3421,0.0
2015-05-19,0.3444,24.5
2015-05-20,0.3835,0.0
2015-05-21,0.3597,0.0
2015-05-22,0.3588,8.2
2015-05-23,0.3777,62.8
2015-05-24,0.403,9.7
2015-05-25,0.3969,1.4
2015-05-26,0.3895,10.6
2015-05-27,0.3944,0.0
2015-05-28,0.3888,5.0
2015-05-29,0.3748,0.3
2015-05-30,0.3502,0.0
2015-05-31,0.3305,0.0
2015-06-01,0.3121,0.0
2015-06-02,0.2984,0.0
2015-06-03,0.2849,0.0
2015-06-04,0.2745,0.0
2015-06-05,0.2642,0.0
2015-06-06,0.2529,0.0
2015-06-07,0.2428,0.0
2015-06-08,0.2304,0.0
2015-06-09,0.2188,0.0
2015-06-10,0.2081,0.0
2015-06-11,0.1972,0.0
2015-06-12,0.1956,26.4
2015-06-13,0.268,17.5
2015-06-14,0.2656,0.0
2015-06-15,0.259,0.0
2015-06-16,0.2557,5.2
2015-06-17,0.2579,0.0
2015-06-18,0.2898,20.1
2015-06-19,0.2839,0.0
2015-06-20,0.2728,0.0
2015-06-21,0.2632,0.0
2015-06-22,0.2546,0.0
2015-06-23,0.2464,0.0
2015-06-24,0.238,0.0
2015-06-25,0.229,0.0
2015-06-26,0.2212,0.0
2015-06-27,0.2132,0.0
2015-06-28,0.2051,0.0
2015-06-29,0.1959,0.0
2015-06-30,0.1884,0.0
2015-07-01,0.1808,0.0
2015-07-02,0.1752,3.2
2015-07-03,0.1706,0.0
2015-07-04,0.165,0.0
2015-07-05,0.1602,0.0
2015-07-06,0.1642,41.6
2015-07-07,0.2476,19.8
2015-07-08,0.2664,3.2
2015-07-09,0.2658,8.5
2015-07-10,0.2615,0.0
2015-07-11,0.2532,0.0
2015-07-12,0.2446,0.0
2015-07-13,0.2368,0.0
2015-07-14,0.2281,0.0
2015-07-15,0.2203,0.0
2015-07-16,0.2112,0.0
2015-07-17,0.202,0.0
2015-07-18,0.1926,0.0
2015-07-19,0.1841,0.0
2015-07-20,0.1759,0.0
2015-07-21,0.1849,11.9
2015-07-22,0.1861,0.0
2015-07-23,0.1794,0.0
2015-07-24,0.1714,0.0
2015-07-25,0.1636,0.0
2015-07-26,0.1571,0.0
2015-07-27,0.15,0.0
2015-07-28,0.1431,0.0
2015-07-29,0.1376,0.0
2015-07-30,0.1338,0.0
2015-07-31,0.1303,0.0
2015-08-01,0.1269,0.0
2015-08-02,0.123,0.0
2015-08-03,0.1202,0.0
2015-08-04,0.1181,0.6
2015-08-05,0.117,0.0
2015-08-06,0.1154,0.0
2015-08-07,0.1138,0.0
2015-08-08,0.112,0.0
2015-08-09,0.1108,0.0
2015-08-10,0.1096,0.7
2015-08-11,0.1082,0.0
2015-08-12,0.107,0.0
2015-08-13,0.1058,0.0
2015-08-14,0.1049,0.6
2015-08-15,0.1044,0.0
2015-08-16,0.1034,0.0
2015-08-17,0.1025,0.0
2015-08-18,0.1026,1.6
2015-08-19,0.1145,14.5
2015-08-20,0.1116,0.0
2015-08-21,0.1088,4.6
2015-08-22,0.2219,64.1
2015-08-23,0.2433,0.0
2015-08-24,0.2357,0.0
2015-08-25,0.2291,0.0
2015-08-26,0.2227,0.0
2015-08-27,0.2176,0.0
2015-08-28,0.2138,0.0
2015-08-29,0.209,0.0
2015-08-30,0.2036,0.0
2015-08-31,0.1975,0.0
2015-09-01,0.1909,0.0
2015-09-02,0.1841,0.0
2015-09-03,0.1772,0.0
2015-09-04,0.1704,0.0
2015-09-05,0.1638,0.0
2015-09-06,0.157,0.0
2015-09-07,0.15,0.0
2015-09-08,0.1522,16.5
2015-09-09,0.1634,0.0
2015-09-10,0.1572,0.0
2015-09-11,0.2302,42.5
2015-09-12,0.228,0.0
2015-09-13,0.2192,0.0
2015-09-14,0.2109,0.4
2015-09-15,0.2042,0.0
2015-09-16,0.1963,0.0
2015-09-17,0.1886,0.0
2015-09-18,0.1804,0.0
2015-09-19,0.174,0.0
2015-09-20,0.1762,7.3
2015-09-21,0.1745,0.0
2015-09-22,0.1689,0.0
2015-09-23,0.1632,0.0
2015-09-24,0.1581,0.0
2015-09-25,0.1532,0.2
2015-09-26,0.1482,1.5
2015-09-27,0.1443,0.0
2015-09-28,0.1402,0.0
2015-09-29,0.1363,0.0
2015-09-30,0.1336,0.0
2015-10-01,0.2053,44.4
2015-10-02,0.2145,0.0
2015-10-03,0.2092,0.0
2015-10-04,0.2048,0.0
2015-10-05,0.2018,0.0
2015-10-06,0.1994,0.0
2015-10-07,0.1966,0.0
2015-10-08,0.1934,0.0
2015-10-09,0.1908,2.7
2015-10-10,0.188,0.0
2015-10-11,0.1846,0.0
2015-10-12,0.1805,0.0
2015-10-13,0.1763,0.0
2015-10-14,0.1726,0.0
2015-10-15,0.1692,0.0
2015-10-16,0.165,0.0
2015-10-17,0.1617,0.0
2015-10-18,0.1584,0.0
2015-10-19,0.1542,0.0
2015-10-20,0.1512,0.0
2015-10-21,0.1483,0.0
2015-10-22,0.147,5.2
2015-10-23,0.1485,0.0
2015-10-24,0.1468,0.0
2015-10-25,0.1446,0.0
2015-10-26,0.1424,0.0
2015-10-27,0.1414,0.0
2015-10-28,0.1406,1.7
2015-10-29,0.1392,0.0
2015-10-30,0.1698,35.3
2015-10-31,0.217,2.5
2015-11-01,0.2117,0.0
2015-11-02,0.2098,0.0
2015-11-03,0.2088,0.0
2015-11-04,0.2082,0.0
2015-11-05,0.2312,25.6
2015-11-06,0.2413,0.0
2015-11-07,0.2364,0.0
2015-11-08,0.2328,0.0
2015-11-09,0.2296,0.0
2015-11-10,0.2285,0.0
2015-11-11,0.2278,0.0
2015-11-12,0.2253,0.0
2015-11-13,0.2237,0.0
2015-11-14,0.222,0.0
2015-11-15,0.2216,2.8
2015-11-16,0.227,4.0
2015-11-17,0.2736,28.7
2015-11-18,0.2602,0.0
2015-11-19,0.2532,0.0
2015-11-20,0.2491,0.0
2015-11-21,0.2462,0.0
2015-11-22,0.2428,0.0
2015-11-23,0.241,0.0
2015-11-24,0.2399,0.0
2015-11-25,0.2394,0.0
2015-11-26,0.2554,28.9
2015-11-27,0.3519,20.2
2015-11-28,0.3755,12.0
2015-11-29,0.3734,3.5
2015-11-30,0.3734,1.3
2015-12-01,0.3676,0.0
2015-12-02,0.3597,0.0
2015-12-03,0.338,0.0
2015-12-04,0.3302,0.0
2015-12-05,0.3254,0.0
2015-12-06,0.3144,0.0
2015-12-07,0.3048,0.0
2015-12-08,0.298,0.0
2015-12-09,0.2914,0.0
2015-12-10,0.2873,0.0
2015-12-11,0.2824,0.0
2015-12-12,0.2794,1.2
2015-12-13,0.3597,22.1
2015-12-14,0.3772,0.0
2015-12-15,0.3678,0.0
2015-12-16,0.35,0.0
2015-12-17,0.3326,0.3
2015-12-18,0.3242,0.0
2015-12-19,0.3118,0.0
2015-12-20,0.3093,0.0
2015-12-21,0.3028,0.0
2015-12-22,0.2978,0.0
2015-12-23,0.2934,0.0
2015-12-24,0.2856,0.0
2015-12-25,0.2811,0.0
2015-12-26,0.3145,24.1
2015-12-27,0.3959,22.1
2015-12-28,0.3964,2.0
2015-12-29,0.3889,0.0
2015-12-30,0.385,0.0
2015-12-31,0.3798,0.0
2016-01-01,0.372,0.0
2016-01-02,0.3585,0.0
2016-01-03,0.345,0.0
2016-01-04,0.3369,0.0
2016-01-05,0.3327,0.0
2016-01-06,0.333,2.5
2016-01-07,0.3423,0.7
2016-01-08,0.3406,0.0
2016-01-09,0.3368,0.4
2016-01-10,0.3242,0.0
2016-01-11,0.3174,0.0
2016-01-12,0.3127,0.0
2016-01-13,0.3081,0.0
2016-01-14,0.3086,0.0
2016-01-15,0.303,0.0
2016-01-16,0.2981,0.0
2016-01-17,0.2924,0.0
2016-01-18,0.286,0.0
2016-01-19,0.2848,0.0
2016-01-20,0.2838,0.0
2016-01-21,0.2821,0.0
2016-01-22,0.28,0.0
2016-01-23,0.2789,0.0
2016-01-24,0.2788,0.0
2016-01-25,0.2768,0.0
2016-01-26,0.2732,0.0
2016-01-27,0.2715,0.0
2016-01-28,0.2706,0.0
2016-01-29,0.2699,0.0
2016-01-30,0.2694,0.0
2016-01-31,0.2688,0.0
2016-02-01,0.2713,20.7
2016-02-02,0.3598,0.8
2016-02-03,0.351,0.0
2016-02-04,0.3326,0.0
2016-02-05,0.3276,0.2
2016-02-06,0.3234,0.3
2016-02-07,0.3129,0.0
2016-02-08,0.3015,0.0
2016-02-09,0.2942,0.0
2016-02-10,0.2878,0.0
2016-02-11,0.283,0.0
2016-02-12,0.2795,0.0
2016-02-13,0.2764,0.0
2016-02-14,0.2741,0.0
2016-02-15,0.273,0.0
2016-02-16,0.2711,0.0
2016-02-17,0.2688,0.0
2016-02-18,0.2682,0.0
2016-02-19,0.2677,0.0
2016-02-20,0.2663,0.0
2016-02-21,0.2644,0.0
2016-02-22,0.2631,0.0
2016-02-23,0.2633,6.2
2016-02-24,0.2646,0.0
2016-02-25,0.2632,0.0
2016-02-26,0.2622,0.0
2016-02-27,0.2619,0.0
2016-02-28,0.2615,0.0
2016-02-29,0.2595,0.0
2016-03-01,0.2588,0.0
2016-03-02,0.2578,0.0
2016-03-03,0.2561,0.0
2016-03-04,0.2548,0.0
2016-03-05,0.2538,0.0
2016-03-06,0.253,0.0
2016-03-07,0.2524,0.0
2016-03-08,0.2757,21.7
2016-03-09,0.2867,0.0
2016-03-10,0.281,0.0
2016-03-11,0.2756,2.8
2016-03-12,0.2759,0.0
2016-03-13,0.3395,38.3
2016-03-14,0.3834,0.0
2016-03-15,0.3695,0.0
2016-03-16,0.3411,0.0
2016-03-17,0.3282,0.0
2016-03-18,0.3063,0.0
2016-03-19,0.2934,0.0
2016-03-20,0.2845,0.0
2016-03-21,0.2795,0.0
2016-03-22,0.2772,0.0
2016-03-23,0.2744,0.0
2016-03-24,0.2699,0.0
2016-03-25,0.2669,0.0
2016-03-26,0.2645,0.0
2016-03-27,0.2666,7.7
2016-03-28,0.2664,0.0
2016-03-29,0.2647,0.0
2016-03-30,0.2635,0.0
2016-03-31,0.2609,0.0
2016-04-01,0.2583,0.0
2016-04-02,0.2556,0.0
2016-04-03,0.2531,0.0
2016-04-04,0.2509,0.0
2016-04-05,0.2483,0.0
2016-04-06,0.2456,0.0
2016-04-07,0.2422,0.0
2016-04-08,0.2392,0.0
2016-04-09,0.2369,0.0
2016-04-10,0.236,11.8
2016-04-11,0.2596,6.0
2016-04-12,0.2557,0.0
2016-04-13,0.2546,3.2
2016-04-14,0.2535,0.0
2016-04-15,0.2507,0.0
2016-04-16,0.2488,0.0
2016-04-17,0.2906,46.9
2016-04-18,0.3678,6.6
2016-04-19,0.3767,17.9
2016-04-20,0.3796,0.4
2016-04-21,0.3653,0.3
2016-04-22,0.3362,0.0
2016-04-23,0.3086,0.0
2016-04-24,0.2904,0.0
2016-04-25,0.2815,0.0
2016-04-26,0.2925,41.4
2016-04-27,0.3699,0.0
2016-04-28,0.3425,0.0
2016-04-29,0.3278,3.2
2016-04-30,0.3162,0.0
2016-05-01,0.2976,0.0
2016-05-02,0.2878,0.0
2016-05-03,0.2803,0.0
2016-05-04,0.2729,0.0
2016-05-05,0.2656,0.0
2016-05-06,0.2578,0.0
2016-05-07,0.2499,0.0
2016-05-08,0.2452,0.8
2016-05-09,0.2408,0.5
2016-05-10,0.2327,0.0
2016-05-11,0.2229,0.0
2016-05-12,0.214,0.0
2016-05-13,0.204,2.3
2016-05-14,0.1978,0.0
2016-05-15,0.1944,1.6
2016-05-16,0.2252,18.3
2016-05-17,0.2377,6.1
2016-05-18,0.239,0.0
2016-05-19,0.2374,5.0
2016-05-20,0.2401,0.0
2016-05-21,0.2374,0.0
2016-05-22,0.231,0.0
2016-05-23,0.2298,8.0
2016-05-24,0.2533,31.8
2016-05-25,0.2821,0.0
2016-05-26,0.2686,0.0
2016-05-27,0.2596,2.4
2016-05-28,0.2527,0.0
2016-05-29,0.2445,0.2
2016-05-30,0.2369,0.0
2016-05-31,0.236,6.4
2016-06-01,0.2338,0.4
2016-06-02,0.246,23.8
2016-06-03,0.2674,0.3
2016-06-04,0.2611,0.0
2016-06-05,0.2518,0.0
2016-06-06,0.2426,0.0
2016-06-07,0.2344,0.0
2016-06-08,0.2252,0.0
2016-06-09,0.2156,0.0
2016-06-10,0.2075,0.0
2016-06-11,0.1989,0.0
2016-06-12,0.1925,0.0
2016-06-13,0.188,0.0
2016-06-14,0.1845,0.0
2016-06-15,0.1806,0.0
2016-06-16,0.176,0.0
2016-06-17,0.1723,0.0
2016-06-18,0.1693,2.0
2016-06-19,0.1673,0.0
2016-06-20,0.1642,0.0
2016-06-21,0.1608,0.0
2016-06-22,0.1578,0.0
2016-06-23,0.1548,0.0
2016-06-24,0.1516,0.0
2016-06-25,0.1481,0.0
2016-06-26,0.1516,23.2
2016-06-27,0.1672,0.8
2016-06-28,0.1659,0.0
2016-06-29,0.1624,0.0
2016-06-30,0.1626,9.0
2016-07-01,0.1741,5.0
2016-07-02,0.1753,0.0
2016-07-03,0.2289,39.5
2016-07-04,0.2406,0.0
2016-07-05,0.2313,0.0
2016-07-06,0.2247,0.0
2016-07-07,0.2189,0.0
2016-07-08,0.2334,20.9
2016-07-09,0.2331,0.0
2016-07-10,0.2268,0.0
2016-07-11,0.2215,0.0
2016-07-12,0.2171,0.0
2016-07-13,0.2133,20.8
2016-07-14,0.236,8.3
2016-07-15,0.2364,0.2
2016-07-16,0.2313,0.0
2016-07-17,0.2254,0.0
2016-07-18,0.2191,0.0
2016-07-19,0.2125,0.0
2016-07-20,0.2051,0.0
2016-07-21,0.1966,0.0
2016-07-22,0.1884,0.0
2016-07-23,0.1802,0.0
2016-07-24,0.1729,0.0
2016-07-25,0.1701,12.9
2016-07-26,0.1842,0.3
2016-07-27,0.1808,0.0
2016-07-28,0.1882,27.4
2016-07-29,0.2094,4.9
2016-07-30,0.2062,3.0
2016-07-31,0.2009,0.0
2016-08-01,0.1927,0.0
2016-08-02,0.1852,0.0
2016-08-03,0.1779,0.0
2016-08-04,0.1706,0.0
2016-08-05,0.1642,0.0
2016-08-06,0.1597,0.0
2016-08-07,0.1555,0.0
2016-08-08,0.1508,0.0
2016-08-09,0.149,6.1
2016-08-10,0.1468,0.0
2016-08-11,0.1427,0.0
2016-08-12,0.139,0.0
2016-08-13,0.1362,0.0
2016-08-14,0.1329,0.0
2016-08-15,0.1306,0.0
2016-08-16,0.1273,0.0
2016-08-17,0.1256,0.0
2016-08-18,0.1233,0.0
2016-08-19,0.122,0.0
2016-08-20,0.1205,2.7
2016-08-21,0.1183,0.0
2016-08-22,0.1166,0.0
2016-08-23,0.1159,0.0
2016-08-24,0.1154,0.0
2016-08-25,0.1176,28.3
2016-08-26,0.149,0.0
2016-08-27,0.1466,2.0
2016-08-28,0.1454,2.7
2016-08-29,0.1508,10.6
2016-08-30,0.1597,0.0
2016-08-31,0.2044,62.2
2016-09-01,0.2479,0.0
2016-09-02,0.2392,0.0
2016-09-03,0.2326,0.0
2016-09-04,0.2272,0.0
2016-09-05,0.2216,0.0
2016-09-06,0.2162,0.0
2016-09-07,0.2106,0.0
2016-09-08,0.2059,0.0
2016-09-09,0.2061,19.8
2016-09-10,0.2286,4.7
2016-09-11,0.2239,0.0
2016-09-12,0.2193,0.0
2016-09-13,0.2154,0.0
2016-09-14,0.2128,1.3
2016-09-15,0.2111,0.0
2016-09-16,0.209,0.2
2016-09-17,0.21,13.5
2016-09-18,0.2166,0.5
2016-09-19,0.213,0.0
2016-09-20,0.2089,0.0
2016-09-21,0.2038,0.0
2016-09-22,0.1998,0.0
2016-09-23,0.1943,0.0
2016-09-24,0.1932,12.7
2016-09-25,0.2052,4.2
2016-09-26,0.2031,0.0
2016-09-27,0.1984,0.0
2016-09-28,0.1942,0.0
2016-09-29,0.1908,0.0
2016-09-30,0.1872,0.0
2016-10-01,0.1838,0.0
2016-10-02,0.1799,0.0
2016-10-03,0.1758,0.0
2016-10-04,0.1718,1.8
2016-10-05,0.169,1.6
2016-10-06,0.2416,63.9
2016-10-07,0.2619,0.0
2016-10-08,0.25,0.0
2016-10-09,0.2446,0.0
2016-10-10,0.2401,0.0
2016-10-11,0.2358,0.0
2016-10-12,0.2336,0.9
2016-10-13,0.2309,0.0
2016-10-14,0.2291,0.0
2016-10-15,0.2272,0.0
2016-10-16,0.2245,0.0
2016-10-17,0.2206,0.0
2016-10-18,0.2172,0.0
2016-10-19,0.214,0.0
2016-10-20,0.2116,0.0
2016-10-21,0.2084,0.0
2016-10-22,0.2054,0.0
2016-10-23,0.2028,0.0
2016-10-24,0.2006,0.0
2016-10-25,0.1994,0.0
2016-10-26,0.2268,24.9
2016-10-27,0.2346,0.0
2016-10-28,0.2325,0.0
2016-10-29,0.2303,0.0
2016-10-30,0.2286,0.0
2016-10-31,0.2266,0.0
2016-11-01,0.2244,0.0
2016-11-02,0.2234,4.1
2016-11-03,0.2252,0.0
2016-11-04,0.2236,0.0
2016-11-05,0.2222,0.0
2016-11-06,0.2204,0.4
2016-11-07,0.219,2.7
2016-11-08,0.2193,0.0
2016-11-09,0.2182,0.0
2016-11-10,0.2168,0.0
2016-11-11,0.2153,0.0
2016-11-12,0.2133,0.0
2016-11-13,0.2118,0.0
2016-11-14,0.2111,0.0
2016-11-15,0.2094,0.0
2016-11-16,0.2081,0.0
2016-11-17,0.207,0.0
2016-11-18,0.2064,0.0
2016-11-19,0.2045,0.0
2016-11-20,0.2025,0.0
2016-11-21,0.2015,0.0
2016-11-22,0.2013,0.5
2016-11-23,0.2008,0.0
2016-11-24,0.199,0.0
2016-11-25,0.1983,0.0
2016-11-26,0.1966,0.0
2016-11-27,0.1966,0.7
2016-11-28,0.1964,0.0
2016-11-29,0.1948,0.0
2016-11-30,0.1943,0.0
2016-12-01,0.1924,0.0
2016-12-02,0.1918,0.7
2016-12-03,0.1919,4.6
2016-12-04,0.1963,2.1
2016-12-05,0.1976,0.0
2016-12-06,0.1968,0.0
2016-12-07,0.1961,0.0
2016-12-08,0.1954,0.0
2016-12-09,0.1937,0.0
2016-12-10,0.193,0.0
2016-12-11,0.1942,0.0
2016-12-12,0.1938,0.0
2016-12-13,0.1928,0.0
2016-12-14,0.1918,0.0
2016-12-15,0.1914,0.0
2016-12-16,0.1915,0.2
2016-12-17,0.1912,0.8
2016-12-18,0.1896,0.0
2016-12-19,0.1881,0.0
2016-12-20,0.1881,0.0
2016-12-21,0.1882,0.0
2016-12-22,0.1881,0.0
2016-12-23,0.1888,1.1
2016-12-24,0.1881,0.0
2016-12-25,0.1898,2.1
2016-12-26,0.1898,0.0
2016-12-27,0.1894,0.0
2016-12-28,0.1894,0.0
2016-12-29,0.1888,0.0
2016-12-30,0.1881,0.0
2016-12-31,0.1882,0.0
2017-01-01,0.1878,0.0
2017-01-02,0.1885,0.0
2017-01-03,0.1885,0.0
2017-01-04,0.1874,0.0
2017-01-05,0.1865,0.0
2017-01-06,0.1858,2.3
2017-01-07,0.184,0.0
2017-01-08,0.1836,0.0
2017-01-09,0.1837,0.0
2017-01-10,0.1846,0.0
2017-01-11,0.1852,0.0
2017-01-12,0.1852,0.0
2017-01-13,0.185,2.3
2017-01-14,0.2126,32.1
2017-01-15,0.2622,22.2
2017-01-16,0.2879,7.1
2017-01-17,0.2722,0.0
2017-01-18,0.2604,0.0
2017-01-19,0.2565,0.0
2017-01-20,0.2535,0.0
2017-01-21,0.2506,0.0
2017-01-22,0.2501,2.4
2017-01-23,0.249,0.0
2017-01-24,0.2487,0.0
2017-01-25,0.2464,0.0
2017-01-26,0.244,0.0
2017-01-27,0.2426,0.0
2017-01-28,0.2412,0.0
2017-01-29,0.2405,0.0
2017-01-30,0.2398,0.0
2017-01-31,0.2393,0.0
2017-02-01,0.2381,0.0
2017-02-02,0.2369,0.0
2017-02-03,0.2359,0.0
2017-02-04,0.2348,0.0
2017-02-05,0.2344,0.0
2017-02-06,0.2346,0.2
2017-02-07,0.2346,0.0
2017-02-08,0.2336,0.0
2017-02-09,0.2322,0.0
2017-02-10,0.232,0.0
2017-02-11,0.232,0.0
2017-02-12,0.2318,0.0
2017-02-13,0.2366,18.7
2017-02-14,0.2748,4.4
2017-02-15,0.2761,0.0
2017-02-16,0.2626,0.0
2017-02-17,0.259,0.0
2017-02-18,0.2563,0.0
2017-02-19,0.2558,20.2
2017-02-20,0.3648,12.5
2017-02-21,0.3412,0.0
2017-02-22,0.3233,0.0
2017-02-23,0.3098,0.0
2017-02-24,0.2854,0.0
2017-02-25,0.2729,0.0
2017-02-26,0.2686,0.0
2017-02-27,0.2644,0.0
2017-02-28,0.2636,0.0
2017-03-01,0.26,0.0
2017-03-02,0.2566,0.0
2017-03-03,0.2548,0.0
2017-03-04,0.2533,0.0
2017-03-05,0.2524,0.2
2017-03-06,0.2522,0.0
2017-03-07,0.25,0.0
2017-03-08,0.2484,0.0
2017-03-09,0.2475,0.0
2017-03-10,0.2456,0.0
2017-03-11,0.2519,8.7
2017-03-12,0.2537,0.0
2017-03-13,0.2517,0.0
2017-03-14,0.2494,0.0
2017-03-15,0.2483,0.0
2017-03-16,0.2474,0.0
2017-03-17,0.2473,0.0
2017-03-18,0.2462,0.0
2017-03-19,0.2454,0.0
2017-03-20,0.2445,0.0
2017-03-21,0.2423,0.0
2017-03-22,0.2402,0.0
2017-03-23,0.2388,0.0
2017-03-24,0.237,0.9
2017-03-25,0.235,0.2
2017-03-26,0.2334,0.0
2017-03-27,0.2319,0.0
2017-03-28,0.2354,22.9
2017-03-29,0.3115,16.0
2017-03-30,0.2988,0.0
2017-03-31,0.2784,0.0
2017-04-01,0.2725,8.1
2017-04-02,0.2922,4.8
2017-04-03,0.3332,6.6
2017-04-04,0.3585,12.6
2017-04-05,0.356,0.9
2017-04-06,0.3294,0.0
2017-04-07,0.3116,0.0
2017-04-08,0.2932,0.0
2017-04-09,0.2807,0.0
2017-04-10,0.2715,0.0
2017-04-11,0.2649,0.0
2017-04-12,0.2607,0.0
2017-04-13,0.2642,15.4
2017-04-14,0.2862,2.9
2017-04-15,0.2753,0.0
2017-04-16,0.2727,11.7
2017-04-17,0.2871,0.2
2017-04-18,0.2779,0.0
2017-04-19,0.2709,0.0
2017-04-20,0.2664,1.7
2017-04-21,0.3557,41.1
2017-04-22,0.3768,0.0
2017-04-23,0.3465,0.0
2017-04-24,0.3156,0.0
2017-04-25,0.2956,8.1
2017-04-26,0.2951,0.2
2017-04-27,0.2863,3.8
2017-04-28,0.287,0.7
2017-04-29,0.383,109.7
2017-04-30,0.3866,2.9
2017-05-01,0.3705,0.0
2017-05-02,0.3356,0.0
2017-05-03,0.3537,10.5
2017-05-04,0.3422,0.0
2017-05-05,0.3147,0.0
2017-05-06,0.2933,0.0
2017-05-07,0.2809,0.0
2017-05-08,0.272,0.0
2017-05-09,0.2639,0.0
2017-05-10,0.2719,16.7
2017-05-11,0.2867,6.8
2017-05-12,0.3032,4.8
2017-05-13,0.2916,0.0
2017-05-14,0.2833,0.0
2017-05-15,0.2774,0.0
2017-05-16,0.273,0.0
2017-05-17,0.2751,6.3
2017-05-18,0.2696,0.9
2017-05-19,0.277,11.3
2017-05-20,0.28,0.0
2017-05-21,0.2737,0.0
2017-05-22,0.2693,2.5
2017-05-23,0.2679,0.4
2017-05-24,0.2646,0.0
2017-05-25,0.2597,0.0
2017-05-26,0.2539,0.0
2017-05-27,0.2465,0.0
2017-05-28,0.2398,0.6
2017-05-29,0.2316,0.0
2017-05-30,0.2256,0.3
2017-05-31,0.2197,0.0
2017-06-01,0.2117,0.0
2017-06-02,0.2067,1.5
2017-06-03,0.223,13.6
2017-06-04,0.2402,9.9
2017-06-05,0.239,0.0
2017-06-06,0.2326,0.0
2017-06-07,0.2256,0.0
2017-06-08,0.2187,0.0
2017-06-09,0.2126,0.0
2017-06-10,0.2066,0.0
2017-06-11,0.1986,0.0
2017-06-12,0.1923,0.0
2017-06-13,0.186,0.0
2017-06-14,0.1872,5.2
2017-06-15,0.1832,0.0
2017-06-16,0.1768,0.0
2017-06-17,0.1727,0.0
2017-06-18,0.1832,9.7
2017-06-19,0.1803,0.0
2017-06-20,0.1737,0.0
2017-06-21,0.1688,0.0
2017-06-22,0.164,0.0
2017-06-23,0.1592,0.0
2017-06-24,0.1562,0.0
2017-06-25,0.1532,0.0
2017-06-26,0.1514,0.0
2017-06-27,0.149,0.0
2017-06-28,0.1464,0.0
2017-06-29,0.144,0.0
2017-06-30,0.1735,27.6
2017-07-01,0.1758,0.0
2017-07-02,0.1996,32.0
2017-07-03,0.2568,73.9
2017-07-04,0.3202,0.0
2017-07-05,0.2822,0.0
2017-07-06,0.2682,0.0
2017-07-07,0.2597,0.0
2017-07-08,0.2542,0.0
2017-07-09,0.2498,0.0
2017-07-10,0.2444,0.0
2017-07-11,0.2383,0.0
2017-07-12,0.2316,0.0
2017-07-13,0.2252,0.0
2017-07-14,0.2176,0.0
2017-07-15,0.2146,0.0
2017-07-16,0.2116,0.0
2017-07-17,0.2068,0.0
2017-07-18,0.2016,0.0
2017-07-19,0.1959,0.0
2017-07-20,0.1897,0.0
2017-07-21,0.1831,0.0
2017-07-22,0.1769,0.0
2017-07-23,0.171,1.0
2017-07-24,0.1658,0.0
2017-07-25,0.1609,0.0
2017-07-26,0.1556,3.8
2017-07-27,0.1564,0.9
2017-07-28,0.1548,0.0
2017-07-29,0.1498,0.0
2017-07-30,0.145,0.0
2017-07-31,0.1424,0.0
2017-08-01,0.1442,5.9
2017-08-02,0.1432,0.0
2017-08-03,0.1402,0.0
2017-08-04,0.1374,0.0
2017-08-05,0.1345,2.3
2017-08-06,0.1325,0.5
2017-08-07,0.1299,0.0
2017-08-08,0.1286,0.0
2017-08-09,0.1289,11.0
2017-08-10,0.1457,0.3
2017-08-11,0.1618,18.8
2017-08-12,0.1647,7.0
2017-08-13,0.1724,0.0
2017-08-14,0.1686,0.0
2017-08-15,0.1776,19.3
2017-08-16,0.201,40.1
2017-08-17,0.2461,0.0
2017-08-18,0.2365,0.0
2017-08-19,0.2316,0.0
2017-08-20,0.2262,0.0
2017-08-21,0.2211,0.0
2017-08-22,0.2184,19.7
2017-08-23,0.2527,7.2
2017-08-24,0.2408,0.0
2017-08-25,0.2372,2.8
2017-08-26,0.2348,0.0
2017-08-27,0.2306,0.0
2017-08-28,0.2259,0.0
2017-08-29,0.221,0.0
2017-08-30,0.2159,0.0
2017-08-31,0.2118,0.0
2017-09-01,0.206,0.0
2017-09-02,0.2027,2.1
2017-09-03,0.1981,0.0
2017-09-04,0.1926,0.0
2017-09-05,0.1866,0.0
2017-09-06,0.1806,0.0
2017-09-07,0.1759,0.0
2017-09-08,0.1705,0.0
2017-09-09,0.1645,0.0
2017-09-10,0.1592,0.0
2017-09-11,0.1548,0.0
2017-09-12,0.1506,0.0
2017-09-13,0.1468,0.0
2017-09-14,0.1426,0.0
2017-09-15,0.1404,0.0
2017-09-16,0.1372,0.0
2017-09-17,0.1359,0.9
2017-09-18,0.1348,0.5
2017-09-19,0.1319,0.0
2017-09-20,0.1306,0.0
2017-09-21,0.1282,0.0
2017-09-22,0.1265,0.0
2017-09-23,0.1245,0.0
2017-09-24,0.1222,0.0
2017-09-25,0.1263,15.2
2017-09-26,0.2062,53.2
2017-09-27,0.2291,10.8
2017-09-28,0.2173,0.0
2017-09-29,0.2101,0.0
2017-09-30,0.2065,0.0
2017-10-01,0.2032,0.0
2017-10-02,0.2002,0.0
2017-10-03,0.1984,0.0
2017-10-04,0.2871,78.3
2017-10-05,0.2938,0.0
2017-10-06,0.282,0.0
2017-10-07,0.2858,7.4
2017-10-08,0.2774,0.0
2017-10-09,0.2686,0.0
2017-10-10,0.264,0.0
2017-10-11,0.2606,0.0
2017-10-12,0.2576,0.0
2017-10-13,0.2554,0.0
2017-10-14,0.2547,13.2
2017-10-15,0.2664,0.0
2017-10-16,0.2638,0.0
2017-10-17,0.2608,0.0
2017-10-18,0.2579,0.0
2017-10-19,0.2556,0.0
2017-10-20,0.2543,0.0
2017-10-21,0.267,36.4
2017-10-22,0.3237,0.0
2017-10-23,0.3001,0.0
2017-10-24,0.2871,0.0
2017-10-25,0.2779,0.0
2017-10-26,0.273,0.0
2017-10-27,0.2684,0.0
2017-10-28,0.2645,0.0
2017-10-29,0.2625,0.0
2017-10-30,0.2602,0.0
2017-10-31,0.2585,0.0
2017-11-01,0.2575,0.0
2017-11-02,0.2562,0.0
2017-11-03,0.2556,0.0
2017-11-04,0.2541,0.0
2017-11-05,0.2536,0.0
2017-11-06,0.2521,0.0
2017-11-07,0.2503,0.0
2017-11-08,0.2496,0.0
2017-11-09,0.2476,0.0
2017-11-10,0.2466,0.0
2017-11-11,0.2464,0.0
2017-11-12,0.2456,0.0
2017-11-13,0.2453,0.0
2017-11-14,0.2451,0.0
2017-11-15,0.2441,0.0
2017-11-16,0.2421,0.0
2017-11-17,0.243,0.0
2017-11-18,0.2421,0.0
2017-11-19,0.2404,0.0
2017-11-20,0.2401,0.0
2017-11-21,0.2388,0.0
2017-11-22,0.2372,0.0
2017-11-23,0.2368,0.0
2017-11-24,0.2365,0.0
2017-11-25,0.2355,0.0
2017-11-26,0.2354,0.0
2017-11-27,0.234,0.0
2017-11-28,0.234,3.3
2017-11-29,0.238,3.7
2017-11-30,0.2372,0.0
2017-12-01,0.236,0.0
2017-12-02,0.2365,0.0
2017-12-03,0.2358,0.0
2017-12-04,0.2356,0.0
2017-12-05,0.2352,0.0
2017-12-06,0.2335,0.0
2017-12-07,0.2324,0.0
2017-12-08,0.2306,0.0
2017-12-09,0.2308,0.0
2017-12-10,0.2297,0.0
2017-12-11,0.229,0.0
2017-12-12,0.229,0.0
2017-12-13,0.2278,0.0
2017-12-14,0.2277,0.0
2017-12-15,0.2268,0.0
2017-12-16,0.2263,1.6
2017-12-17,0.2269,0.2
2017-12-18,0.2266,0.0
2017-12-19,0.2362,22.9
2017-12-20,0.2719,0.0
2017-12-21,0.2682,0.0
2017-12-22,0.2656,0.0
2017-12-23,0.2627,0.0
2017-12-24,0.2614,0.0
2017-12-25,0.2593,0.0
2017-12-26,0.2582,0.0
2017-12-27,0.2566,0.0
2017-12-28,0.256,0.0
2017-12-29,0.2552,0.0
2017-12-30,0.2549,0.0
2017-12-31,0.2539,0.0
2018-01-01,0.2524,0.0
2018-01-02,0.2512,0.0
2018-01-03,0.2506,0.0
2018-01-04,0.2504,0.0
2018-01-05,0.2498,0.0
2018-01-06,0.2494,0.0
2018-01-07,0.2518,5.3
2018-01-08,0.2553,0.0
2018-01-09,0.2542,0.0
2018-01-10,0.2548,0.4
2018-01-11,0.2553,0.2
2018-01-12,0.2542,0.0
2018-01-13,0.2526,0.0
2018-01-14,0.2524,0.0
2018-01-15,0.2519,0.0
2018-01-16,0.2506,0.0
2018-01-17,0.2499,0.0
2018-01-18,0.2494,0.0
2018-01-19,0.2492,0.0
2018-01-20,0.2498,0.0
2018-01-21,0.2508,0.0
2018-01-22,0.2501,0.0
2018-01-23,0.2502,0.0
2018-01-24,0.2495,0.0
2018-01-25,0.2494,0.0
2018-01-26,0.2488,0.0
2018-01-27,0.2489,0.0
2018-01-28,0.2478,0.0
2018-01-29,0.2468,0.0
2018-01-30,0.2467,0.0
2018-01-31,0.2479,0.0
2018-02-01,0.2465,0.0
2018-02-02,0.2453,0.0
2018-02-03,0.2451,0.0
2018-02-04,0.245,0.0
2018-02-05,0.2434,0.0
2018-02-06,0.2428,0.0
2018-02-07,0.242,0.0
2018-02-08,0.2422,0.0
2018-02-09,0.2428,0.0
2018-02-10,0.2422,0.0
2018-02-11,0.2409,0.0
2018-02-12,0.2397,0.0
2018-02-13,0.24,0.0
2018-02-14,0.2407,0.0
2018-02-15,0.2416,0.0
2018-02-16,0.2414,0.2
2018-02-17,0.2616,13.6
2018-02-18,0.2614,0.0
2018-02-19,0.2619,0.0
2018-02-20,0.283,30.8
2018-02-21,0.2913,0.7
2018-02-22,0.3046,9.5
2018-02-23,0.3341,7.9
2018-02-24,0.3592,7.3
2018-02-25,0.353,0.0
2018-02-26,0.346,0.0
2018-02-27,0.3396,1.1
2018-02-28,0.3404,0.0
2018-03-01,0.3361,0.0
2018-03-02,0.3286,0.0
2018-03-03,0.3234,0.0
2018-03-04,0.3184,0.0
2018-03-05,0.3145,0.0
2018-03-06,0.3083,0.0
2018-03-07,0.3021,0.0
2018-03-08,0.2963,0.0
2018-03-09,0.2924,0.0
2018-03-10,0.2896,0.0
2018-03-11,0.2854,0.0
2018-03-12,0.2831,0.0
2018-03-13,0.2798,0.0
2018-03-14,0.2786,0.0
2018-03-15,0.2778,0.0
2018-03-16,0.2769,0.0
2018-03-17,0.2753,0.0
2018-03-18,0.2754,3.6
2018-03-19,0.2754,0.0
2018-03-20,0.2745,0.0
2018-03-21,0.2734,0.0
2018-03-22,0.2722,0.0
2018-03-23,0.2724,0.0
2018-03-24,0.2706,0.0
2018-03-25,0.2708,1.7
2018-03-26,0.2706,0.2
2018-03-27,0.2754,7.1
2018-03-28,0.2762,0.3
2018-03-29,0.2951,12.1
2018-03-30,0.295,0.0
2018-03-31,0.2916,0.0
2018-04-01,0.2883,0.0
2018-04-02,0.2855,0.2
2018-04-03,0.2829,0.0
2018-04-04,0.2798,0.0
2018-04-05,0.2789,0.0
2018-04-06,0.281,4.8
2018-04-07,0.2798,0.0
2018-04-08,0.2785,0.0
2018-04-09,0.2764,0.2
2018-04-10,0.2755,0.0
2018-04-11,0.2758,0.0
2018-04-12,0.2746,0.0
2018-04-13,0.2742,0.0
2018-04-14,0.2714,0.0
2018-04-15,0.2689,0.0
2018-04-16,0.2667,0.0
2018-04-17,0.2664,0.0
2018-04-18,0.2651,0.0
2018-04-19,0.2626,0.0
2018-04-20,0.2603,0.0
2018-04-21,0.2984,37.6
2018-04-22,0.3168,0.0
2018-04-23,0.3079,0.0
2018-04-24,0.3002,0.0
2018-04-25,0.3071,10.4
2018-04-26,0.3078,0.0
2018-04-27,0.302,0.0
2018-04-28,0.2943,0.0
2018-04-29,0.2879,0.0
2018-04-30,0.2858,0.0
2018-05-01,0.2832,0.0
2018-05-02,0.2879,22.9
2018-05-03,0.3268,5.5
2018-05-04,0.317,0.0
2018-05-05,0.3045,0.0
2018-05-06,0.2948,0.0
2018-05-07,0.2883,0.0
2018-05-08,0.2846,0.0
2018-05-09,0.28,0.0
2018-05-10,0.2756,0.0
2018-05-11,0.2724,0.0
2018-05-12,0.2686,0.0
2018-05-13,0.2642,0.0
2018-05-14,0.2603,0.0
2018-05-15,0.2567,0.0
2018-05-16,0.2544,0.0
2018-05-17,0.251,0.0
2018-05-18,0.2472,0.0
2018-05-19,0.2439,1.9
2018-05-20,0.2516,9.3
2018-05-21,0.2518,0.0
2018-05-22,0.2492,0.0
2018-05-23,0.2462,0.0
2018-05-24,0.2421,1.0
2018-05-25,0.255,13.3
2018-05-26,0.2612,0.0
2018-05-27,0.2562,0.0
2018-05-28,0.2504,0.0
2018-05-29,0.2458,18.7
2018-05-30,0.2729,0.0
2018-05-31,0.2952,26.1
2018-06-01,0.2832,0.0
2018-06-02,0.2752,0.0
2018-06-03,0.2675,0.0
2018-06-04,0.2605,0.0
2018-06-05,0.253,0.0
2018-06-06,0.2447,0.0
2018-06-07,0.2826,40.6
2018-06-08,0.2901,0.0
2018-06-09,0.2816,0.0
2018-06-10,0.2738,0.0
2018-06-11,0.2656,0.0
2018-06-12,0.2594,1.2
2018-06-13,0.2528,0.0
2018-06-14,0.2447,0.0
2018-06-15,0.2366,0.0
2018-06-16,0.2291,0.0
2018-06-17,0.2226,0.0
2018-06-18,0.2172,0.0
2018-06-19,0.2115,0.0
2018-06-20,0.2072,1.6
2018-06-21,0.2018,0.0
2018-06-22,0.1966,15.3
2018-06-23,0.2128,0.8
2018-06-24,0.3225,81.4
2018-06-25,0.3286,13.0
2018-06-26,0.3063,0.0
2018-06-27,0.2912,0.0
2018-06-28,0.282,0.0
2018-06-29,0.2739,0.0
2018-06-30,0.2667,5.2
2018-07-01,0.31,31.6
2018-07-02,0.309,0.0
2018-07-03,0.294,0.0
2018-07-04,0.285,0.0
2018-07-05,0.2783,0.0
2018-07-06,0.2712,0.0
2018-07-07,0.2643,0.0
2018-07-08,0.2564,0.0
2018-07-09,0.2482,0.0
2018-07-10,0.2406,0.0
2018-07-11,0.2333,0.0
2018-07-12,0.2251,0.0
2018-07-13,0.218,0.0
2018-07-14,0.2132,1.1
2018-07-15,0.2223,10.3
2018-07-16,0.2234,0.0
2018-07-17,0.2204,5.0
2018-07-18,0.2176,0.0
2018-07-19,0.212,0.0
2018-07-20,0.2032,0.0
2018-07-21,0.1943,0.0
2018-07-22,0.1879,0.0
2018-07-23,0.1828,0.0
2018-07-24,0.1766,0.0
2018-07-25,0.1705,0.0
2018-07-26,0.1675,0.0
2018-07-27,0.1648,0.0
2018-07-28,0.1606,0.0
2018-07-29,0.1819,25.7
2018-07-30,0.2132,13.4
2018-07-31,0.211,0.0
2018-08-01,0.2042,0.0
2018-08-02,0.1969,0.0
2018-08-03,0.1891,0.0
2018-08-04,0.181,0.0
2018-08-05,0.173,0.0
2018-08-06,0.1656,0.0
2018-08-07,0.1593,0.0
2018-08-08,0.1551,1.0
2018-08-09,0.1512,0.0
2018-08-10,0.1516,14.6
2018-08-11,0.1572,0.0
2018-08-12,0.1548,0.0
2018-08-13,0.1534,1.4
2018-08-14,0.1522,8.8
2018-08-15,0.1648,3.7
2018-08-16,0.2187,82.1
2018-08-17,0.2755,0.0
2018-08-18,0.2677,0.0
2018-08-19,0.2998,38.2
2018-08-20,0.2908,0.0
2018-08-21,0.2813,0.0
2018-08-22,0.2771,3.0
2018-08-23,0.2744,1.9
2018-08-24,0.271,0.0
2018-08-25,0.267,2.0
2018-08-26,0.2628,0.0
2018-08-27,0.257,0.0
2018-08-28,0.2502,0.0
2018-08-29,0.2453,1.1
2018-08-30,0.241,0.0
2018-08-31,0.2346,0.0
2018-09-01,0.2284,0.0
2018-09-02,0.224,0.0
2018-09-03,0.2206,2.7
2018-09-04,0.2708,36.0
2018-09-05,0.2881,9.3
2018-09-06,0.285,0.0
2018-09-07,0.2816,4.7
2018-09-08,0.2814,0.0
2018-09-09,0.2782,0.9
2018-09-10,0.275,0.0
2018-09-11,0.2714,0.0
2018-09-12,0.269,0.0
2018-09-13,0.2668,0.0
2018-09-14,0.2639,0.0
2018-09-15,0.2608,0.0
2018-09-16,0.2578,0.0
2018-09-17,0.2543,0.0
2018-09-18,0.2496,0.0
2018-09-19,0.2444,0.0
2018-09-20,0.2398,0.0
2018-09-21,0.2531,19.3
2018-09-22,0.2654,0.0
2018-09-23,0.2614,0.0
2018-09-24,0.2596,0.4
2018-09-25,0.258,0.0
2018-09-26,0.2544,0.0
2018-09-27,0.2512,0.0
2018-09-28,0.249,0.0
2018-09-29,0.247,0.0
2018-09-30,0.2458,0.0
2018-10-01,0.2438,0.0
2018-10-02,0.2405,0.0
2018-10-03,0.2366,0.0
2018-10-04,0.2352,4.0
2018-10-05,0.2336,0.0
2018-10-06,0.2316,0.0
2018-10-07,0.243,30.1
2018-10-08,0.2762,32.7
2018-10-09,0.3226,20.7
2018-10-10,0.3114,0.0
2018-10-11,0.2994,0.0
2018-10-12,0.3096,9.3
2018-10-13,0.3076,3.7
2018-10-14,0.3048,0.8
2018-10-15,0.2991,0.0
2018-10-16,0.2942,0.0
2018-10-17,0.2898,0.0
2018-10-18,0.2869,3.7
2018-10-19,0.3171,15.1
2018-10-20,0.316,0.0
2018-10-21,0.3063,0.0
2018-10-22,0.2996,0.0
2018-10-23,0.2952,0.0
2018-10-24,0.2924,4.2
2018-10-25,0.2969,2.5
2018-10-26,0.2967,0.0
2018-10-27,0.2944,0.0
2018-10-28,0.2923,0.0
2018-10-29,0.2897,0.0
2018-10-30,0.2879,0.0
2018-10-31,0.2854,0.0
2018-11-01,0.2842,1.7
2018-11-02,0.2827,0.0
2018-11-03,0.2809,0.0
2018-11-04,0.2791,0.0
2018-11-05,0.2777,0.0
2018-11-06,0.2762,0.0
2018-11-07,0.2746,0.0
2018-11-08,0.2738,4.4
2018-11-09,0.2744,0.0
2018-11-10,0.273,0.0
2018-11-11,0.2722,0.0
2018-11-12,0.271,4.6
2018-11-13,0.2703,0.0
2018-11-14,0.27,0.0
2018-11-15,0.2703,0.0
2018-11-16,0.2702,0.0
2018-11-17,0.2697,0.0
2018-11-18,0.2689,0.0
2018-11-19,0.2679,0.0
2018-11-20,0.267,0.0
2018-11-21,0.2662,0.0
2018-11-22,0.2656,0.0
2018-11-23,0.2654,0.0
2018-11-24,0.2647,0.0
2018-11-25,0.2642,0.0
2018-11-26,0.2624,0.0
2018-11-27,0.2619,0.0
2018-11-28,0.2613,0.0
2018-11-29,0.2607,0.0
2018-11-30,0.263,12.3
2018-12-01,0.2828,0.0
2018-12-02,0.2804,0.0
2018-12-03,0.2782,0.0
2018-12-04,0.2767,0.0
2018-12-05,0.275,0.0
2018-12-06,0.2742,0.0
2018-12-07,0.2732,0.0
2018-12-08,0.2723,0.0
2018-12-09,0.271,0.0
2018-12-10,0.2693,0.0
2018-12-11,0.269,0.0
2018-12-12,0.2688,0.0
2018-12-13,0.2806,20.3
2018-12-14,0.3013,0.0
2018-12-15,0.2976,0.0
2018-12-16,0.294,0.0
2018-12-17,0.2915,0.0
2018-12-18,0.2902,0.0
2018-12-19,0.289,0.5
2018-12-20,0.2882,0.0
2018-12-21,0.2859,0.0
2018-12-22,0.2836,0.0
2018-12-23,0.282,0.0
2018-12-24,0.281,0.0
2018-12-25,0.2794,0.0
2018-12-26,0.3143,54.4
2018-12-27,0.3658,0.0
2018-12-28,0.3523,0.0
2018-12-29,0.3458,0.0
2018-12-30,0.3425,0.0
2018-12-31,0.3644,12.0
2019-01-01,0.3572,0.0
2019-01-02,0.352,0.0
2019-01-03,0.3688,32.0
2019-01-04,0.3754,0.0
2019-01-05,0.3669,0.0
2019-01-06,0.3628,0.0
2019-01-07,0.3613,0.0
2019-01-08,0.3556,0.0
2019-01-09,0.3489,0.0
2019-01-10,0.3478,0.0
2019-01-11,0.3655,23.8
2019-01-12,0.3812,4.3
2019-01-13,0.3696,0.0
2019-01-14,0.365,0.0
2019-01-15,0.3631,0.0
2019-01-16,0.3632,0.0
2019-01-17,0.365,0.4
2019-01-18,0.365,0.3
2019-01-19,0.3616,0.0
2019-01-20,0.3548,0.0
2019-01-21,0.3546,0.0
2019-01-22,0.3553,1.0
2019-01-23,0.3538,0.0
2019-01-24,0.3519,0.0
2019-01-25,0.3486,0.0
2019-01-26,0.3469,0.0
2019-01-27,0.3467,0.0
2019-01-28,0.3467,0.0
2019-01-29,0.3433,0.0
2019-01-30,0.339,0.0
2019-01-31,0.3362,0.0
2019-02-01,0.3369,0.0
2019-02-02,0.3401,0.0
2019-02-03,0.3439,0.0
2019-02-04,0.3446,0.0
2019-02-05,0.3436,0.0
2019-02-06,0.3489,18.9
2019-02-07,0.3895,11.7
2019-02-08,0.378,0.0
2019-02-09,0.3782,0.0
2019-02-10,0.3797,0.0
2019-02-11,0.3861,12.2
2019-02-12,0.3911,0.0
2019-02-13,0.3802,0.0
2019-02-14,0.3745,0.0
2019-02-15,0.368,0.0
2019-02-16,0.3653,0.2
2019-02-17,0.3648,0.0
2019-02-18,0.361,0.0
2019-02-19,0.361,6.0
2019-02-20,0.3756,0.0
2019-02-21,0.3775,0.0
2019-02-22,0.3739,2.3
2019-02-23,0.379,0.0
2019-02-24,0.3701,0.0
2019-02-25,0.3638,0.0
2019-02-26,0.3596,0.0
2019-02-27,0.3571,0.9
2019-02-28,0.354,0.0
2019-03-01,0.3542,0.0
2019-03-02,0.3548,0.0
2019-03-03,0.3546,1.5
2019-03-04,0.3484,0.4
2019-03-05,0.3417,0.0
2019-03-06,0.3426,0.0
2019-03-07,0.346,0.0
2019-03-08,0.3478,0.0
2019-03-09,0.3535,2.5
2019-03-10,0.3511,0.0
2019-03-11,0.3478,0.0
2019-03-12,0.3559,3.7
2019-03-13,0.3892,26.7
2019-03-14,0.3776,0.0
2019-03-15,0.3638,0.0
2019-03-16,0.3541,0.0
2019-03-17,0.348,0.0
2019-03-18,0.3433,0.0
2019-03-19,0.3401,0.0
2019-03-20,0.3362,0.3
2019-03-21,0.3299,0.0
2019-03-22,0.3253,0.0
2019-03-23,0.3414,10.4
2019-03-24,0.3568,0.0
2019-03-25,0.3544,0.0
2019-03-26,0.3516,0.0
2019-03-27,0.3495,2.4
2019-03-28,0.3508,0.0
2019-03-29,0.3499,0.6
2019-03-30,0.3684,8.2
2019-03-31,0.3649,0.0
2019-04-01,0.3582,0.0
2019-04-02,0.3506,0.0
2019-04-03,0.3413,3.5
2019-04-04,0.3792,12.1
2019-04-05,0.3737,0.0
2019-04-06,0.3663,2.8
2019-04-07,0.3664,0.0
2019-04-08,0.3606,0.0
2019-04-09,0.3471,0.0
2019-04-10,0.3355,0.0
2019-04-11,0.3228,0.0
2019-04-12,0.313,0.0
2019-04-13,0.3117,13.0
2019-04-14,0.3322,0.0
2019-04-15,0.3269,0.0
2019-04-16,0.3172,0.0
2019-04-17,0.3153,10.4
2019-04-18,0.3234,0.4
2019-04-19,0.3165,0.0
2019-04-20,0.3107,0.0
2019-04-21,0.3048,0.0
2019-04-22,0.301,0.0
2019-04-23,0.3618,43.8
2019-04-24,0.3686,0.0
2019-04-25,0.3572,0.0
2019-04-26,0.339,0.0
2019-04-27,0.3246,0.0
2019-04-28,0.3128,0.0
2019-04-29,0.307,1.8
2019-04-30,0.3476,47.8
2019-05-01,0.3814,0.6
2019-05-02,0.3666,0.0
2019-05-03,0.3744,20.8
2019-05-04,0.382,0.0
2019-05-05,0.368,25.5
2019-05-06,0.389,0.2
2019-05-07,0.3742,29.0
2019-05-08,0.3982,26.5
2019-05-09,0.3812,0.0
2019-05-10,0.3671,6.6
2019-05-11,0.3869,3.2
2019-05-12,0.3769,0.0
2019-05-13,0.3663,12.9
2019-05-14,0.3622,0.0
2019-05-15,0.3574,0.0
2019-05-16,0.3376,0.0
2019-05-17,0.3229,0.0
2019-05-18,0.3513,23.2
2019-05-19,0.366,0.0
2019-05-20,0.3794,118.7
2019-05-21,0.3947,67.0
2019-05-22,0.3803,15.9
2019-05-23,0.3904,0.0
2019-05-24,0.3797,40.8
2019-05-25,0.3964,45.7
2019-05-26,0.3967,0.3
2019-05-27,0.3761,0.0
2019-05-28,0.3554,2.3
2019-05-29,0.3491,2.5
2019-05-30,0.3426,0.0
2019-05-31,0.3273,0.0
2019-06-01,0.3188,0.0
2019-06-02,0.3118,0.0
2019-06-03,0.3062,0.0
2019-06-04,0.3012,1.5
2019-06-05,0.296,0.0
2019-06-06,0.3395,50.8
2019-06-07,0.3644,0.0
2019-06-08,0.3408,0.0
2019-06-09,0.3257,5.4
2019-06-10,0.3181,0.0
2019-06-11,0.3094,0.3
2019-06-12,0.3018,0.9
2019-06-13,0.2936,0.0
2019-06-14,0.2896,5.9
2019-06-15,0.2862,4.9
2019-06-16,0.299,9.8
2019-06-17,0.3002,0.0
2019-06-18,0.2941,0.2
2019-06-19,0.2891,0.9
2019-06-20,0.2839,0.0
2019-06-21,0.2774,0.0
2019-06-22,0.2703,0.0
2019-06-23,0.2828,23.5
2019-06-24,0.289,0.0
2019-06-25,0.2826,0.0
2019-06-26,0.276,0.0
2019-06-27,0.2681,0.0
2019-06-28,0.2605,0.0
2019-06-29,0.2522,0.0
2019-06-30,0.2444,0.0
2019-07-01,0.2375,0.0
2019-07-02,0.2304,0.0
2019-07-03,0.2261,8.3
2019-07-04,0.2248,0.0
2019-07-05,0.2211,0.0
2019-07-06,0.2164,0.0
2019-07-07,0.2124,0.0
2019-07-08,0.2082,0.0
2019-07-09,0.204,0.0
2019-07-10,0.1996,0.0
2019-07-11,0.1952,0.0
2019-07-12,0.1902,0.0
2019-07-13,0.1861,0.0
2019-07-14,0.1828,0.0
2019-07-15,0.1799,0.0
2019-07-16,0.1761,0.0
2019-07-17,0.1724,0.0
2019-07-18,0.1679,0.0
2019-07-19,0.1634,0.0
2019-07-20,0.1587,0.0
2019-07-21,0.1542,6.4
2019-07-22,0.152,0.0
2019-07-23,0.1485,0.0
2019-07-24,0.1454,0.0
2019-07-25,0.1424,0.0
2019-07-26,0.1398,0.0
2019-07-27,0.1379,0.0
2019-07-28,0.1364,0.0
2019-07-29,0.1352,0.0
2019-07-30,0.1332,0.0
2019-07-31,0.1319,0.0
2019-08-01,0.1308,1.1
2019-08-02,0.13,1.9
2019-08-03,0.1499,17.6
2019-08-04,0.1536,0.0
2019-08-05,0.1493,0.0
2019-08-06,0.1445,0.0
2019-08-07,0.141,0.0
2019-08-08,0.1438,11.9
2019-08-09,0.1643,9.5
2019-08-10,0.1726,0.3
2019-08-11,0.1667,0.0
2019-08-12,0.1592,0.0
2019-08-13,0.1529,0.0
2019-08-14,0.1475,0.0
2019-08-15,0.1422,0.0
2019-08-16,0.1386,0.0
2019-08-17,0.1359,1.2
2019-08-18,0.1354,7.0
2019-08-19,0.1346,0.0
2019-08-20,0.1335,0.0
2019-08-21,0.1324,0.0
2019-08-22,0.1389,24.4
2019-08-23,0.2736,79.5
2019-08-24,0.2725,0.0
2019-08-25,0.2768,11.0
2019-08-26,0.279,8.1
2019-08-27,0.2822,0.0
2019-08-28,0.2754,0.0
2019-08-29,0.2699,0.0
2019-08-30,0.2979,30.8
2019-08-31,0.2918,0.0
2019-09-01,0.2842,0.0
2019-09-02,0.2784,0.0
2019-09-03,0.2728,0.0
2019-09-04,0.2678,0.0
2019-09-05,0.2629,0.0
2019-09-06,0.2579,0.0
2019-09-07,0.2527,0.0
2019-09-08,0.2472,0.0
2019-09-09,0.2419,0.0
2019-09-10,0.2362,0.0
2019-09-11,0.2314,0.0
2019-09-12,0.2442,57.4
2019-09-13,0.3134,6.3
2019-09-14,0.2947,0.0
2019-09-15,0.2865,0.0
2019-09-16,0.28,0.0
2019-09-17,0.2754,0.0
2019-09-18,0.2706,0.0
2019-09-19,0.2664,0.0
2019-09-20,0.2634,0.9
2019-09-21,0.2601,0.0
2019-09-22,0.3337,80.5
2019-09-23,0.322,0.0
2019-09-24,0.3121,4.2
2019-09-25,0.3363,18.0
2019-09-26,0.3584,6.8
2019-09-27,0.3375,0.0
2019-09-28,0.3188,1.6
2019-09-29,0.3108,0.0
2019-09-30,0.3038,0.0
2019-10-01,0.2978,0.0
2019-10-02,0.2934,0.0
2019-10-03,0.2884,0.0
2019-10-04,0.2849,0.0
2019-10-05,0.282,6.1
2019-10-06,0.2888,1.6
2019-10-07,0.2852,0.0
2019-10-08,0.2815,0.0
2019-10-09,0.2831,4.0
2019-10-10,0.2822,0.4
2019-10-11,0.2782,0.0
2019-10-12,0.2759,0.0
2019-10-13,0.2733,0.0
2019-10-14,0.2713,0.0
2019-10-15,0.2706,0.0
2019-10-16,0.2674,0.0
2019-10-17,0.2653,0.0
2019-10-18,0.2629,0.8
2019-10-19,0.2612,0.7
2019-10-20,0.2628,17.5
2019-10-21,0.2824,0.0
2019-10-22,0.2788,0.0
2019-10-23,0.277,0.5
2019-10-24,0.2826,16.7
2019-10-25,0.3168,17.9
2019-10-26,0.328,0.0
2019-10-27,0.326,0.0
2019-10-28,0.3184,0.0
2019-10-29,0.3222,19.7
2019-10-30,0.3749,1.3
2019-10-31,0.3606,0.0
2019-11-01,0.3516,0.0
2019-11-02,0.3438,0.0
2019-11-03,0.3396,0.0
2019-11-04,0.336,0.0
2019-11-05,0.3313,0.0
2019-11-06,0.3399,25.9
2019-11-07,0.3854,8.3
2019-11-08,0.3697,0.0
2019-11-09,0.3642,0.0
2019-11-10,0.3617,0.0
2019-11-11,0.3581,0.8
2019-11-12,0.353,0.0
2019-11-13,0.3524,0.0
2019-11-14,0.3505,0.0
2019-11-15,0.3482,0.0
2019-11-16,0.3481,0.0
2019-11-17,0.3481,0.0
2019-11-18,0.3475,0.0
2019-11-19,0.346,0.0
2019-11-20,0.3533,10.8
2019-11-21,0.3872,2.8
2019-11-22,0.393,3.6
2019-11-23,0.3828,0.0
2019-11-24,0.3751,0.0
2019-11-25,0.3714,0.0
2019-11-26,0.3688,0.0
2019-11-27,0.3612,0.0
2019-11-28,0.363,3.5
2019-11-29,0.373,2.5
2019-11-30,0.38,0.4
2019-12-01,0.37,0.0
2019-12-02,0.3625,0.0
2019-12-03,0.361,0.0
2019-12-04,0.3578,0.0
2019-12-05,0.3576,0.0
2019-12-06,0.3537,0.0
2019-12-07,0.3478,0.0
2019-12-08,0.3484,0.0
2019-12-09,0.3465,0.0
2019-12-10,0.3411,0.0
2019-12-11,0.3368,0.0
2019-12-12,0.3362,0.0
2019-12-13,0.3359,0.0
2019-12-14,0.3353,0.0
2019-12-15,0.3347,0.7
2019-12-16,0.3327,0.0
2019-12-17,0.3278,0.0
2019-12-18,0.3245,0.0
2019-12-19,0.3231,0.0
2019-12-20,0.3224,0.0
2019-12-21,0.322,0.0
2019-12-22,0.3216,0.0
2019-12-23,0.3207,0.0
2019-12-24,0.3207,0.0
2019-12-25,0.3207,0.0
2019-12-26,0.319,0.0
2019-12-27,0.3173,0.0
2019-12-28,0.3342,11.7
2019-12-29,0.3576,0.0
2019-12-30,0.3541,0.0
2019-12-31,0.3506,0.0
2020-01-01,0.3492,0.0
2020-01-02,0.3483,0.0
2020-01-03,0.3448,0.0
2020-01-04,0.3392,0.0
2020-01-05,0.3368,0.0
2020-01-06,0.3338,0.0
2020-01-07,0.3304,0.0
2020-01-08,0.3294,0.0
2020-01-09,0.3297,0.0
2020-01-10,0.3319,3.2
2020-01-11,0.3367,1.6
2020-01-12,0.3396,0.0
2020-01-13,0.3393,0.0
2020-01-14,0.3417,0.0
2020-01-15,0.3411,0.0
2020-01-16,0.3374,8.4
2020-01-17,0.3959,22.4
2020-01-18,0.3834,0.0
2020-01-19,0.3693,0.0
2020-01-20,0.3629,0.0
2020-01-21,0.3609,0.7
2020-01-22,0.3882,8.3
2020-01-23,0.388,0.5
2020-01-24,0.3777,0.0
2020-01-25,0.3709,0.0
2020-01-26,0.3686,0.0
2020-01-27,0.367,0.0
2020-01-28,0.3889,28.5
2020-01-29,0.3991,0.2
2020-01-30,0.3883,0.0
2020-01-31,0.382,0.0
2020-02-01,0.3766,0.0
2020-02-02,0.3761,0.0
2020-02-03,0.3757,0.0
2020-02-04,0.3714,0.6
2020-02-05,0.3723,4.8
2020-02-06,0.3805,0.0
2020-02-07,0.3843,0.0
2020-02-08,0.3793,0.0
2020-02-09,0.3778,0.0
2020-02-10,0.3744,1.9
2020-02-11,0.3776,0.0
2020-02-12,0.3949,7.4
2020-02-13,0.3913,0.0
2020-02-14,0.3797,0.0
2020-02-15,0.378,0.0
2020-02-16,0.3767,0.0
2020-02-17,0.3776,0.0
2020-02-18,0.3736,0.0
2020-02-19,0.3689,0.0
2020-02-20,0.3612,0.0
2020-02-21,0.3528,0.0
2020-02-22,0.3533,0.0
2020-02-23,0.3584,7.3
2020-02-24,0.3931,2.0
2020-02-25,0.386,2.6
2020-02-26,0.3845,0.4
2020-02-27,0.3761,0.0
2020-02-28,0.3708,0.0
2020-02-29,0.3674,0.0
2020-03-01,0.3658,0.0
2020-03-02,0.3603,0.0
2020-03-03,0.3559,0.0
2020-03-04,0.351,0.0
2020-03-05,0.3467,0.0
2020-03-06,0.3395,0.0
2020-03-07,0.3359,0.0
2020-03-08,0.3364,7.1
2020-03-09,0.3769,5.0
2020-03-10,0.3744,0.0
2020-03-11,0.3687,0.0
2020-03-12,0.3632,0.0
2020-03-13,0.3501,3.8
2020-03-14,0.3918,17.6
2020-03-15,0.3879,12.6
2020-03-16,0.4016,8.7
2020-03-17,0.4005,21.0
2020-03-18,0.4032,10.1
2020-03-19,0.4039,7.7
2020-03-20,0.3834,0.0
2020-03-21,0.3745,3.4
2020-03-22,0.4039,8.0
2020-03-23,0.3989,0.0
2020-03-24,0.4057,10.1
2020-03-25,0.3949,0.0
2020-03-26,0.3832,0.0
2020-03-27,0.3797,0.5
2020-03-28,0.3864,3.4
2020-03-29,0.3723,0.0
2020-03-30,0.365,5.4
2020-03-31,0.3816,0.3
2020-04-01,0.3728,0.0
2020-04-02,0.361,0.0
2020-04-03,0.3553,1.2
2020-04-04,0.3541,0.0
2020-04-05,0.3534,0.0
2020-04-06,0.3519,0.0
2020-04-07,0.3489,0.0
2020-04-08,0.3371,0.0
2020-04-09,0.326,0.0
2020-04-10,0.3195,0.0
2020-04-11,0.3162,1.0
2020-04-12,0.3137,0.0
2020-04-13,0.3073,0.0
2020-04-14,0.305,0.0
2020-04-15,0.3022,0.0
2020-04-16,0.2998,0.8
2020-04-17,0.2982,0.4
2020-04-18,0.2961,0.0
2020-04-19,0.2938,0.0
2020-04-20,0.291,0.0
2020-04-21,0.2883,0.0
2020-04-22,0.3145,27.7
2020-04-23,0.333,0.5
2020-04-24,0.3197,0.5
2020-04-25,0.3114,0.0
2020-04-26,0.3045,0.0
2020-04-27,0.3004,0.6
2020-04-28,0.2973,4.0
2020-04-29,0.2952,0.0
2020-04-30,0.2912,0.0
2020-05-01,0.2868,0.0
2020-05-02,0.2814,0.0
2020-05-03,0.2781,0.3
2020-05-04,0.2746,0.0
2020-05-05,0.269,0.0
2020-05-06,0.2626,0.0
2020-05-07,0.2591,20.9
2020-05-08,0.2946,3.8
2020-05-09,0.2876,0.0
2020-05-10,0.2824,0.0
2020-05-11,0.2791,1.7
2020-05-12,0.2792,4.0
2020-05-13,0.2858,3.4
2020-05-14,0.2865,0.0
2020-05-15,0.2831,2.0
2020-05-16,0.2814,0.0
2020-05-17,0.2784,0.0
2020-05-18,0.2728,0.0
2020-05-19,0.2679,0.0
2020-05-20,0.2622,0.0
2020-05-21,0.2571,0.0
2020-05-22,0.274,20.0
2020-05-23,0.2735,0.0
2020-05-24,0.269,2.1
2020-05-25,0.2697,12.7
2020-05-26,0.2823,0.2
2020-05-27,0.278,0.5
2020-05-28,0.2824,9.3
2020-05-29,0.2822,0.0
2020-05-30,0.2762,0.0
2020-05-31,0.2705,0.0
2020-06-01,0.2638,0.0
2020-06-02,0.2595,0.0
2020-06-03,0.2577,0.0
2020-06-04,0.2549,0.0
2020-06-05,0.252,0.0
2020-06-06,0.2492,0.0
2020-06-07,0.2467,0.0
2020-06-08,0.2448,0.0
2020-06-09,0.2424,0.0
2020-06-10,0.2395,0.0
2020-06-11,0.2374,0.0
2020-06-12,0.2358,0.0
2020-06-13,0.2341,0.0
2020-06-14,0.2317,0.0
2020-06-15,0.2302,0.0
2020-06-16,0.2287,0.0
2020-06-17,0.2269,0.0
2020-06-18,0.2254,0.0
2020-06-19,0.2699,46.6
2020-06-20,0.2902,0.0
2020-06-21,0.2881,10.3
2020-06-22,0.2961,0.2
2020-06-23,0.291,0.0
2020-06-24,0.2868,0.0
2020-06-25,0.2842,0.0
2020-06-26,0.2819,0.0
2020-06-27,0.2802,0.0
2020-06-28,0.2785,0.0
2020-06-29,0.2761,0.0
2020-06-30,0.2748,0.0
