timestamp,precip,vwc,soiltemp
2020-01-01,0.0,0.3692,2.12
2020-01-02,0.0,0.3707,3.89
2020-01-03,0.0,0.3691,3.76
2020-01-04,0.0,0.367,2.63
2020-01-05,0.0,0.3673,3.05
2020-01-06,0.0,0.3662,2.46
2020-01-07,0.0,0.3657,2.31
2020-01-08,0.0,0.3657,2.51
2020-01-09,0.0,0.3678,4.74
2020-01-10,11.68,0.38,3.05
2020-01-11,0.0,0.3892,1.09
2020-01-12,0.0,0.3747,0.5
2020-01-13,4.32,0.3783,0.5
2020-01-14,0.0,0.3901,0.96
2020-01-15,0.0,0.3895,2.86
2020-01-16,0.0,0.3772,1.06
2020-01-17,16.76,0.3837,0.57
2020-01-18,0.25,0.3914,0.52
2020-01-19,0.0,0.3843,0.42
2020-01-20,0.0,0.338,-0.03
2020-01-21,0.0,0.2223,-0.47
2020-01-22,13.46,0.2317,-0.07
2020-01-23,0.51,0.2813,0.02
2020-01-24,1.27,0.367,0.11
2020-01-25,0.0,0.377,0.18
2020-01-26,0.0,0.3859,0.26
2020-01-27,0.25,0.394,0.31
2020-01-28,0.0,0.3936,0.37
2020-01-29,1.27,0.3942,0.63
2020-01-30,0.0,0.3933,1.59
2020-01-31,0.0,0.3863,1.82
2020-02-01,0.0,0.3784,1.92
2020-02-02,0.0,0.3784,3.66
2020-02-03,0.0,0.3749,3.3
2020-02-04,0.0,0.3703,1.59
2020-02-05,0.0,0.3647,0.97
2020-02-06,0.0,0.3614,0.66
2020-02-07,0.0,0.3617,0.68
2020-02-08,0.0,0.3623,0.84
2020-02-09,0.0,0.3639,1.71
2020-02-10,0.0,0.3636,1.79
2020-02-11,0.0,0.3636,2.27
2020-02-12,8.13,0.3635,1.79
2020-02-13,0.0,0.3636,0.78
2020-02-14,0.0,0.3546,0.25
2020-02-15,0.0,0.3459,0.14
2020-02-16,0.0,0.3573,0.23
2020-02-17,0.0,0.373,2.5
2020-02-18,0.0,0.3711,2.86
2020-02-19,0.0,0.368,1.98
2020-02-20,0.0,0.3667,1.41
2020-02-21,0.0,0.3645,0.96
2020-02-22,0.0,0.3652,1.99
2020-02-23,0.0,0.3672,3.94
2020-02-24,10.92,0.3908,4.95
2020-02-25,0.0,0.392,3.53
2020-02-26,0.0,0.3798,2.5
2020-02-27,0.51,0.3768,2.57
2020-02-28,0.25,0.3778,3.49
2020-02-29,0.0,0.3769,4.28
2020-03-01,0.0,0.3772,6.41
2020-03-02,0.0,0.3745,6.16
2020-03-03,0.0,0.3729,6.12
2020-03-04,0.0,0.372,6.6
2020-03-05,0.0,0.3702,6.31
2020-03-06,0.0,0.3679,5.67
2020-03-07,0.0,0.3681,6.72
2020-03-08,13.97,0.3689,8.28
2020-03-09,28.7,0.4137,8.77
2020-03-10,0.0,0.4137,6.79
2020-03-11,0.25,0.411,8.59
2020-03-12,0.0,0.3971,9.73
2020-03-13,4.83,0.3877,7.4
2020-03-14,3.81,0.4074,5.62
2020-03-15,0.25,0.4095,4.95
2020-03-16,3.81,0.4117,5.64
2020-03-17,0.0,0.4116,6.84
2020-03-18,0.25,0.407,9.17
2020-03-19,3.05,0.4113,12.03
2020-03-20,0.0,0.3958,8.19
2020-03-21,0.0,0.3892,6.26
2020-03-22,8.64,0.4021,6.67
2020-03-23,0.25,0.4148,8.69
2020-03-24,0.0,0.4124,9.79
2020-03-25,0.0,0.4072,10.98
2020-03-26,0.0,0.3998,11.18
2020-03-27,0.25,0.3979,11.0
2020-03-28,0.0,0.3967,11.43
2020-03-29,0.0,0.3928,10.61
2020-03-30,0.0,0.3897,10.71
2020-03-31,0.0,0.3884,11.98
2020-04-01,0.0,0.386,12.51
2020-04-02,0.0,0.3829,12.31
2020-04-03,1.27,0.3758,8.17
2020-04-04,0.0,0.3737,7.81
2020-04-05,0.0,0.3737,9.17
2020-04-06,0.0,0.3758,12.15
2020-04-07,0.0,0.3766,14.93
2020-04-08,0.0,0.3728,14.93
2020-04-09,0.0,0.366,12.95
2020-04-10,0.0,0.3593,10.95
2020-04-11,0.0,0.3576,13.2
2020-04-12,1.02,0.3513,12.1
2020-04-13,0.0,0.3426,8.57
2020-04-14,0.0,0.3388,9.43
2020-04-15,0.0,0.3347,10.26
2020-04-16,8.13,0.3291,9.19
2020-04-17,1.78,0.326,8.15
2020-04-18,0.0,0.3252,9.7
2020-04-19,2.03,0.325,11.49
2020-04-20,8.13,0.3311,12.83
2020-04-21,0.0,0.3294,13.64
2020-04-22,6.6,0.3277,13.54
2020-04-23,0.25,0.3312,15.79
2020-04-24,30.73,0.3733,14.75
2020-04-25,1.02,0.4153,13.73
2020-04-26,0.0,0.4142,14.51
2020-04-27,0.0,0.4049,16.35
2020-04-28,1.27,0.3923,16.35
2020-04-29,0.0,0.3866,14.53
2020-04-30,0.0,0.3844,16.02
2020-05-01,0.0,0.3816,17.18
2020-05-02,0.0,0.3774,17.43
2020-05-03,0.0,0.3718,18.59
2020-05-04,27.18,0.4026,16.26
2020-05-05,0.0,0.413,15.7
2020-05-06,0.0,0.3951,16.06
2020-05-07,5.84,0.3889,14.45
2020-05-08,0.25,0.3899,14.39
2020-05-09,0.0,0.3864,13.99
2020-05-10,0.0,0.3832,14.25
2020-05-11,2.29,0.3788,12.87
2020-05-12,0.25,0.3772,12.21
2020-05-13,1.27,0.3779,13.51
2020-05-14,0.25,0.3806,17.53
2020-05-15,0.25,0.3774,17.65
2020-05-16,0.0,0.3749,18.35
2020-05-17,0.0,0.3686,17.77
2020-05-18,0.0,0.3605,17.74
2020-05-19,0.0,0.3533,17.74
2020-05-20,0.0,0.3469,18.03
2020-05-21,0.0,0.3416,17.99
2020-05-22,15.24,0.3677,19.38
2020-05-23,0.0,0.3704,21.05
2020-05-24,81.03,0.3696,22.17
2020-05-25,18.29,0.434,20.7
2020-05-26,36.83,0.4349,19.31
2020-05-27,0.0,0.4336,19.79
2020-05-28,0.51,0.4296,21.13
2020-05-29,0.0,0.4074,21.49
2020-05-30,0.0,0.3983,21.78
2020-05-31,0.0,0.393,22.38
2020-06-01,0.0,0.3873,23.52
2020-06-02,0.0,0.3788,24.74
2020-06-03,0.0,0.3682,25.86
2020-06-04,19.05,0.422,25.57
2020-06-05,4.57,0.4184,26.81
2020-06-06,0.0,0.4041,27.45
2020-06-07,0.0,0.3953,27.66
2020-06-08,0.0,0.3843,27.14
2020-06-09,3.81,0.3718,26.9
2020-06-10,11.68,0.3923,23.33
2020-06-11,0.0,0.385,23.94
2020-06-12,0.0,0.3764,26.11
2020-06-13,0.0,0.3635,26.8
2020-06-14,0.0,0.348,27.0
2020-06-15,0.0,0.3329,27.33
2020-06-16,0.0,0.318,27.61
2020-06-17,0.0,0.3042,28.07
2020-06-18,6.86,0.291,28.14
2020-06-19,36.32,0.3467,25.08
2020-06-20,0.0,0.391,25.65
2020-06-21,1.02,0.3829,24.86
2020-06-22,9.14,0.3869,24.97
2020-06-23,0.25,0.3959,24.98
2020-06-24,0.0,0.3903,25.87
2020-06-25,0.0,0.3853,27.01
2020-06-26,0.0,0.3791,26.78
2020-06-27,29.97,0.4069,26.85
2020-06-28,5.59,0.4104,27.41
2020-06-29,0.0,0.402,27.34
2020-06-30,0.0,0.3983,27.94
2020-07-01,0.0,0.3935,28.22
2020-07-02,0.0,0.3886,28.46
2020-07-03,14.99,0.4044,27.17
2020-07-04,0.0,0.3966,27.59
2020-07-05,0.0,0.3921,28.14
2020-07-06,0.0,0.3877,28.22
2020-07-07,0.0,0.3824,28.94
2020-07-08,0.0,0.3733,29.3
2020-07-09,35.05,0.4255,26.59
2020-07-10,0.0,0.4035,27.64
2020-07-11,0.0,0.3964,27.76
2020-07-12,0.0,0.3907,27.32
2020-07-13,0.0,0.3844,27.6
2020-07-14,0.76,0.378,27.96
2020-07-15,34.54,0.4276,27.67
2020-07-16,0.0,0.4105,27.62
2020-07-17,0.0,0.4005,27.93
2020-07-18,0.0,0.3945,28.08
2020-07-19,0.0,0.3883,28.36
2020-07-20,62.48,0.4242,26.51
2020-07-21,10.16,0.4288,26.18
2020-07-22,0.0,0.4192,27.32
2020-07-23,0.0,0.4053,28.13
2020-07-24,0.0,0.3986,28.19
2020-07-25,0.0,0.3915,28.17
2020-07-26,1.52,0.3815,28.36
2020-07-27,8.64,0.3799,27.29
2020-07-28,0.0,0.3784,27.04
2020-07-29,63.5,0.403,26.88
2020-07-30,25.91,0.4343,25.79
2020-07-31,0.0,0.4324,24.9
2020-08-01,0.51,0.4146,25.4
2020-08-02,0.0,0.3997,25.04
2020-08-03,0.0,0.3919,24.12
2020-08-04,0.0,0.3846,23.02
2020-08-05,0.0,0.3775,23.28
2020-08-06,0.0,0.37,24.27
2020-08-07,0.0,0.3585,25.25
2020-08-08,0.0,0.3402,26.48
2020-08-09,2.29,0.3207,26.35
2020-08-10,0.0,0.3083,26.34
2020-08-11,0.0,0.2977,26.99
2020-08-12,0.0,0.2879,26.29
2020-08-13,0.51,0.2814,26.37
2020-08-14,0.0,0.2729,26.98
2020-08-15,0.0,0.2654,27.26
2020-08-16,22.86,0.284,24.8
2020-08-17,0.25,0.3228,24.92
2020-08-18,0.0,0.3078,24.59
2020-08-19,0.0,0.3015,24.31
2020-08-20,0.0,0.295,24.54
2020-08-21,0.0,0.2875,24.79
2020-08-22,0.0,0.2792,25.02
2020-08-23,0.0,0.2706,25.4
2020-08-24,0.0,0.2623,25.72
2020-08-25,0.0,0.2554,25.73
2020-08-26,0.0,0.2501,25.94
2020-08-27,0.0,0.2464,26.45
2020-08-28,0.0,0.2433,26.99
2020-08-29,18.29,0.2593,25.54
2020-08-30,0.0,0.2597,24.38
2020-08-31,0.0,0.2567,24.19
2020-09-01,0.0,0.2551,24.08
2020-09-02,0.0,0.2536,24.38
2020-09-03,0.0,0.2502,24.02
2020-09-04,0.0,0.2451,22.67
2020-09-05,0.0,0.244,24.35
2020-09-06,0.0,0.2419,25.45
2020-09-07,0.0,0.2389,25.48
2020-09-08,0.51,0.2312,21.2
2020-09-09,21.84,0.2249,17.07
2020-09-10,11.68,0.3388,16.33
2020-09-11,0.76,0.3345,17.5
2020-09-12,0.25,0.3259,18.67
2020-09-13,0.25,0.3154,19.48
2020-09-14,0.0,0.3067,19.89
2020-09-15,0.0,0.302,20.27
2020-09-16,0.0,0.2983,21.12
2020-09-17,0.0,0.2929,20.52
2020-09-18,0.0,0.2873,19.15
2020-09-19,0.0,0.2828,19.07
2020-09-20,0.0,0.2776,19.03
2020-09-21,0.0,0.2712,18.94
2020-09-22,0.0,0.2661,19.77
2020-09-23,0.0,0.262,20.62
2020-09-24,0.0,0.2569,20.5
2020-09-25,0.0,0.2523,21.63
2020-09-26,0.0,0.2475,22.36
2020-09-27,30.99,0.2617,20.05
2020-09-28,0.0,0.2686,16.95
2020-09-29,0.0,0.2643,16.04
2020-09-30,0.0,0.2629,16.19
2020-10-01,0.0,0.2598,14.99
2020-10-02,0.0,0.2582,14.47
2020-10-03,0.0,0.2586,15.19
2020-10-04,0.0,0.2573,14.68
2020-10-05,0.0,0.2576,15.58
2020-10-06,0.0,0.258,16.58
2020-10-07,0.0,0.2583,17.74
2020-10-08,0.0,0.2575,18.38
2020-10-09,0.0,0.2572,19.35
2020-10-10,0.0,0.256,19.79
2020-10-11,0.0,0.254,19.87
2020-10-12,0.0,0.2499,18.6
2020-10-13,0.0,0.2455,17.22
2020-10-14,0.0,0.2437,17.44
2020-10-15,0.0,0.2398,16.34
2020-10-16,0.0,0.2345,14.14
2020-10-17,0.0,0.2339,14.84
2020-10-18,0.0,0.23,13.39
2020-10-19,0.0,0.227,12.29
2020-10-20,0.0,0.2257,12.42
2020-10-21,1.02,0.2231,11.64
2020-10-22,5.59,0.2251,13.87
2020-10-23,1.27,0.2203,10.57
2020-10-24,0.0,0.2178,8.81
2020-10-25,0.0,0.2169,8.04
2020-10-26,0.0,0.214,5.69
2020-10-27,0.76,0.2145,5.99
2020-10-28,0.0,0.2158,6.74
2020-10-29,0.0,0.2176,7.74
2020-10-30,0.0,0.2184,8.07
2020-10-31,0.0,0.2216,10.02
2020-11-01,0.0,0.2206,9.16
2020-11-02,0.0,0.2197,8.56
2020-11-03,0.0,0.2219,10.02
2020-11-04,0.0,0.2243,11.66
2020-11-05,0.0,0.2242,11.55
2020-11-06,0.0,0.2241,11.67
2020-11-07,0.0,0.2267,13.67
2020-11-08,0.25,0.2279,14.6
2020-11-09,0.25,0.2288,15.42
2020-11-10,16.51,0.2546,10.89
2020-11-11,0.0,0.2485,8.3
2020-11-12,0.0,0.2457,8.52
2020-11-13,0.0,0.2412,6.58
2020-11-14,0.0,0.2434,8.69
2020-11-15,0.0,0.2415,8.0
2020-11-16,0.0,0.2401,7.23
2020-11-17,0.0,0.2396,7.15
2020-11-18,0.0,0.2424,9.12
2020-11-19,0.0,0.2452,11.21
2020-11-20,0.0,0.2434,10.32
2020-11-21,1.02,0.2417,9.35
2020-11-22,0.0,0.2408,8.89
2020-11-23,6.6,0.2376,6.8
2020-11-24,19.3,0.2453,8.6
2020-11-25,21.59,0.3377,7.49
2020-11-26,0.0,0.3364,5.96
2020-11-27,0.0,0.335,6.91
2020-11-28,0.0,0.3336,5.86
2020-11-29,0.0,0.3327,6.04
2020-11-30,0.0,0.3286,3.98
2020-12-01,0.0,0.3268,3.3
2020-12-02,0.0,0.3262,3.59
2020-12-03,0.0,0.3256,3.9
2020-12-04,0.0,0.3241,3.39
2020-12-05,0.0,0.3234,3.53
2020-12-06,0.0,0.3225,3.46
2020-12-07,0.0,0.3217,3.34
2020-12-08,0.0,0.3212,3.54
2020-12-09,0.0,0.3216,4.36
2020-12-10,0.0,0.3213,4.77
2020-12-11,0.76,0.3212,5.22
2020-12-12,0.76,0.3197,4.46
2020-12-13,0.0,0.318,3.67
2020-12-14,0.0,0.3155,2.17
2020-12-15,0.0,0.3144,1.64
2020-12-16,0.0,0.314,1.76
2020-12-17,0.0,0.3132,1.5
2020-12-18,0.0,0.3146,2.86
2020-12-19,0.0,0.3138,2.55
2020-12-20,0.0,0.3135,2.72
2020-12-21,0.0,0.3142,3.7
2020-12-22,0.0,0.314,4.0
2020-12-23,0.0,0.3151,5.06
2020-12-24,0.0,0.3109,2.08
2020-12-25,0.0,0.3093,1.17
2020-12-26,0.0,0.3095,1.69
2020-12-27,0.0,0.3099,2.41
2020-12-28,0.0,0.3094,2.27
2020-12-29,24.89,0.3391,2.17
2020-12-30,0.0,0.3488,2.08
2020-12-31,0.25,0.3409,1.16
2021-01-01,0.0,0.3384,1.05
2021-01-02,0.0,0.3372,1.17
2021-01-03,0.0,0.3364,1.25
2021-01-04,0.0,0.3363,1.81
2021-01-05,0.0,0.3356,1.79
2021-01-06,0.0,0.3362,2.81
2021-01-07,0.51,0.3366,3.46
2021-01-08,0.0,0.3348,2.51
2021-01-09,0.0,0.3333,1.68
2021-01-10,0.0,0.3326,1.52
2021-01-11,0.0,0.3326,1.83
2021-01-12,0.0,0.3321,1.83
2021-01-13,0.0,0.3324,2.36
2021-01-14,0.0,0.3333,3.38
2021-01-15,0.0,0.3317,2.45
2021-01-16,0.0,0.3307,2.04
2021-01-17,0.0,0.3303,2.06
2021-01-18,0.0,0.3299,2.13
2021-01-19,0.0,0.3292,1.92
2021-01-20,0.0,0.3284,1.67
2021-01-21,0.0,0.3284,1.96
2021-01-22,0.0,0.3281,2.11
2021-01-23,0.0,0.3266,1.2
2021-01-24,1.27,0.3277,2.37
2021-01-25,18.03,0.3531,2.33
2021-01-26,0.0,0.352,1.63
2021-01-27,3.81,0.348,1.24
2021-01-28,0.0,0.3512,1.34
2021-01-29,0.0,0.3542,1.62
2021-01-30,2.29,0.3615,3.18
2021-01-31,0.0,0.358,2.6
2021-02-01,0.0,0.351,1.66
2021-02-02,0.0,0.3491,1.86
2021-02-03,0.0,0.349,2.87
2021-02-04,0.0,0.3481,3.4
2021-02-05,0.0,0.3457,2.38
2021-02-06,0.0,0.3436,1.5
2021-02-07,0.0,0.3418,0.77
2021-02-08,0.0,0.3397,0.44
2021-02-09,0.0,0.3344,0.27
2021-02-10,0.0,0.3227,0.14
2021-02-11,0.0,0.2503,-0.18
2021-02-12,0.0,0.2098,-0.93
2021-02-13,0.0,0.1956,-1.66
2021-02-14,0.0,0.1908,-2.17
2021-02-15,0.0,0.1883,-2.35
2021-02-16,1.78,0.1874,-2.37
2021-02-17,0.51,0.1912,-1.66
2021-02-18,0.0,0.1946,-1.37
2021-02-19,0.0,0.1954,-1.35
2021-02-20,0.0,0.2007,-0.85
2021-02-21,0.0,0.2133,-0.31
2021-02-22,0.0,0.2215,-0.19
2021-02-23,0.0,0.2316,-0.11
2021-02-24,0.0,0.2713,0.04
2021-02-25,0.0,0.3052,0.0
2021-02-26,0.0,0.3084,0.09
2021-02-27,0.0,0.3186,0.65
2021-02-28,0.0,0.3233,1.48
2021-03-01,0.0,0.3225,1.35
2021-03-02,0.0,0.3225,2.01
2021-03-03,0.0,0.3241,3.64
2021-03-04,0.0,0.325,4.63
2021-03-05,0.0,0.3264,6.05
2021-03-06,0.0,0.326,6.03
2021-03-07,0.0,0.3267,6.94
2021-03-08,0.0,0.3273,7.81
2021-03-09,0.0,0.3287,9.26
2021-03-10,0.25,0.3305,11.15
2021-03-11,0.0,0.3282,9.49
2021-03-12,7.87,0.3269,7.77
2021-03-13,10.16,0.3447,7.32
2021-03-14,6.6,0.3742,8.49
2021-03-15,0.0,0.3621,8.67
2021-03-16,0.0,0.3579,9.19
2021-03-17,25.91,0.4077,7.68
2021-03-18,0.0,0.41,6.01
2021-03-19,0.0,0.3713,7.03
2021-03-20,0.0,0.3627,7.38
2021-03-21,0.0,0.3594,8.81
2021-03-22,6.35,0.3621,9.31
2021-03-23,1.52,0.3838,9.97
2021-03-24,0.0,0.3704,9.22
2021-03-25,0.0,0.3645,8.53
2021-03-26,27.94,0.3715,8.36
2021-03-27,0.25,0.4143,9.99
2021-03-28,0.0,0.3803,9.54
2021-03-29,0.0,0.3697,10.73
2021-03-30,0.0,0.3631,10.33
2021-03-31,0.0,0.3581,8.64
2021-04-01,0.0,0.3564,8.51
2021-04-02,0.0,0.3559,9.38
2021-04-03,0.0,0.3568,11.32
2021-04-04,0.0,0.3575,13.07
2021-04-05,0.0,0.3578,14.66
2021-04-06,13.72,0.3576,14.58
2021-04-07,6.35,0.3965,13.02
2021-04-08,13.21,0.4036,11.3
2021-04-09,7.62,0.4051,11.66
2021-04-10,1.02,0.4101,11.91
2021-04-11,0.0,0.39,11.99
2021-04-12,0.0,0.3759,11.51
2021-04-13,0.0,0.3712,11.22
2021-04-14,0.0,0.3686,11.41
2021-04-15,0.0,0.3666,11.47
2021-04-16,9.4,0.3834,10.8
2021-04-17,0.0,0.3844,9.87
2021-04-18,0.0,0.3755,10.39
2021-04-19,0.0,0.371,10.22
2021-04-20,6.35,0.3867,9.05
2021-04-21,0.0,0.38,9.15
2021-04-22,0.25,0.3723,8.97
2021-04-23,2.79,0.3716,9.65
2021-04-24,0.25,0.3753,11.18
2021-04-25,0.0,0.3739,12.85
2021-04-26,0.0,0.3735,15.19
2021-04-27,0.0,0.3722,16.49
2021-04-28,1.27,0.3704,16.78
2021-04-29,0.0,0.3682,16.72
2021-04-30,0.0,0.3653,16.54
2021-05-01,0.0,0.3632,17.25
2021-05-02,0.0,0.3612,17.83
2021-05-03,0.25,0.3587,17.85
2021-05-04,0.25,0.3548,16.84
2021-05-05,0.0,0.35,15.5
2021-05-06,0.0,0.3479,16.1
2021-05-07,0.0,0.3436,15.28
2021-05-08,14.99,0.3426,17.31
2021-05-09,2.29,0.3518,15.11
2021-05-10,0.0,0.3521,14.28
2021-05-11,0.0,0.352,14.73
2021-05-12,0.0,0.3519,15.32
2021-05-13,0.0,0.3505,15.67
2021-05-14,5.33,0.3493,16.47
2021-05-15,1.02,0.3494,17.67
2021-05-16,81.53,0.4192,17.54
2021-05-17,0.0,0.4274,17.93
2021-05-18,7.87,0.4106,19.88
2021-05-19,1.27,0.413,20.27
2021-05-20,3.56,0.4113,19.66
2021-05-21,0.0,0.4122,20.66
2021-05-22,0.76,0.4073,21.44
2021-05-23,0.0,0.4028,20.99
2021-05-24,0.0,0.3999,20.82
2021-05-25,0.0,0.3983,21.56
2021-05-26,2.54,0.3962,22.48
2021-05-27,14.99,0.4234,21.8
2021-05-28,0.0,0.4046,18.64
2021-05-29,0.0,0.3988,17.82
2021-05-30,0.25,0.3958,17.29
2021-05-31,14.99,0.4146,17.51
2021-06-01,0.0,0.4242,19.05
2021-06-02,0.0,0.4117,20.62
2021-06-03,0.0,0.4051,21.83
2021-06-04,0.0,0.4022,23.12
2021-06-05,0.0,0.3979,23.86
2021-06-06,0.0,0.392,23.66
2021-06-07,0.0,0.3874,24.7
2021-06-08,0.0,0.3814,25.63
2021-06-09,0.0,0.376,26.69
2021-06-10,0.0,0.3651,27.49
2021-06-11,0.76,0.349,26.86
2021-06-12,0.0,0.3374,26.94
2021-06-13,0.0,0.3254,26.9
2021-06-14,0.0,0.3133,26.14
2021-06-15,0.0,0.3041,27.62
2021-06-16,0.0,0.293,29.03
2021-06-17,0.0,0.2803,29.36
2021-06-18,0.0,0.2684,29.52
2021-06-19,0.0,0.2591,29.68
2021-06-20,0.0,0.2519,30.14
2021-06-21,0.0,0.2423,27.85
2021-06-22,0.0,0.2362,27.21
2021-06-23,0.0,0.2322,28.01
2021-06-24,2.79,0.2279,27.84
2021-06-25,16.51,0.2607,27.3
2021-06-26,1.02,0.2507,26.11
2021-06-27,0.0,0.2473,26.09
2021-06-28,0.0,0.2452,26.5
2021-06-29,0.0,0.2432,26.38
2021-06-30,4.06,0.2419,26.33
2021-07-01,1.52,0.2404,25.92
2021-07-02,0.0,0.2395,26.36
2021-07-03,0.0,0.2378,26.97
2021-07-04,0.0,0.2358,27.7
2021-07-05,0.0,0.2334,28.21
2021-07-06,0.0,0.2303,28.56
2021-07-07,2.29,0.226,27.54
2021-07-08,0.0,0.223,27.3
2021-07-09,0.0,0.2219,28.17
2021-07-10,28.19,0.2509,26.96
2021-07-11,2.29,0.2401,25.0
2021-07-12,0.0,0.2371,25.33
2021-07-13,0.0,0.2358,26.26
2021-07-14,9.65,0.2346,27.13
2021-07-15,98.04,0.4238,24.67
2021-07-16,0.0,0.4129,25.38
2021-07-17,0.0,0.3903,25.89
2021-07-18,0.0,0.3847,26.14
2021-07-19,0.0,0.3791,26.0
2021-07-20,0.0,0.3745,26.6
2021-07-21,0.0,0.3691,26.68
2021-07-22,0.0,0.3628,27.11
2021-07-23,0.0,0.3532,27.95
2021-07-24,0.0,0.3401,29.3
2021-07-25,5.84,0.3359,27.82
2021-07-26,0.0,0.3267,27.86
2021-07-27,0.0,0.3116,28.79
2021-07-28,0.0,0.2965,29.94
2021-07-29,0.0,0.2815,30.45
2021-07-30,0.0,0.268,30.61
2021-07-31,4.06,0.2555,29.51
2021-08-01,0.0,0.2456,27.49
2021-08-02,0.0,0.2379,26.11
2021-08-03,0.0,0.2332,26.1
2021-08-04,0.0,0.2295,26.7
2021-08-05,0.0,0.2263,26.59
2021-08-06,0.0,0.224,27.39
2021-08-07,8.89,0.2205,28.11
2021-08-08,7.87,0.2185,26.94
2021-08-09,0.0,0.223,28.23
2021-08-10,5.59,0.2235,28.16
2021-08-11,0.0,0.2244,28.38
2021-08-12,0.0,0.2249,28.68
2021-08-13,4.06,0.2233,27.41
2021-08-14,0.0,0.2221,26.63
2021-08-15,0.0,0.2211,26.48
2021-08-16,0.0,0.2198,26.86
2021-08-17,0.0,0.218,27.09
2021-08-18,0.0,0.2155,27.4
2021-08-19,0.0,0.2136,27.65
2021-08-20,7.87,0.2117,27.86
2021-08-21,0.25,0.2078,26.18
2021-08-22,0.0,0.2078,26.11
2021-08-23,0.0,0.2093,27.95
2021-08-24,0.0,0.2076,28.6
2021-08-25,0.0,0.2058,29.21
2021-08-26,0.0,0.2035,29.56
2021-08-27,0.0,0.2008,29.55
2021-08-28,0.0,0.1981,29.29
2021-08-29,0.51,0.1934,26.72
2021-08-30,0.0,0.1921,26.83
2021-08-31,6.1,0.1941,27.06
2021-09-01,0.0,0.1938,25.91
2021-09-02,10.16,0.1933,25.58
2021-09-03,59.44,0.3289,25.67
2021-09-04,19.3,0.3892,24.88
2021-09-05,0.0,0.3762,24.04
2021-09-06,0.0,0.3686,24.3
2021-09-07,0.0,0.3613,24.71
2021-09-08,0.0,0.3532,23.59
2021-09-09,0.0,0.346,23.61
2021-09-10,0.0,0.3384,24.11
2021-09-11,0.0,0.3273,24.58
2021-09-12,0.0,0.31,25.03
2021-09-13,0.0,0.2885,24.92
2021-09-14,0.0,0.2729,24.1
2021-09-15,0.25,0.2636,23.88
2021-09-16,0.0,0.2517,24.56
2021-09-17,0.0,0.2397,25.11
2021-09-18,0.0,0.2298,25.15
2021-09-19,0.0,0.2216,24.96
2021-09-20,0.25,0.216,24.89
2021-09-21,0.0,0.2099,22.93
2021-09-22,0.0,0.205,21.2
2021-09-23,0.0,0.2014,20.81
2021-09-24,0.0,0.1995,21.08
2021-09-25,0.0,0.1971,20.49
2021-09-26,0.0,0.1963,21.7
2021-09-27,0.0,0.1952,22.88
2021-09-28,0.0,0.1934,23.24
2021-09-29,0.0,0.1914,23.01
2021-09-30,0.25,0.1896,22.53
2021-10-01,0.0,0.1874,21.57
2021-10-02,0.25,0.1862,21.17
2021-10-03,0.0,0.186,21.36
2021-10-04,0.0,0.1843,20.41
2021-10-05,0.0,0.1835,20.18
2021-10-06,0.0,0.1826,20.2
2021-10-07,0.0,0.1822,20.32
2021-10-08,0.0,0.1829,21.42
2021-10-09,0.0,0.1827,21.92
2021-10-10,5.08,0.1809,20.9
2021-10-11,13.21,0.1775,18.98
2021-10-12,1.27,0.1781,17.88
2021-10-13,13.46,0.1867,18.21
2021-10-14,0.0,0.1896,16.69
2021-10-15,0.0,0.1916,15.96
2021-10-16,0.0,0.192,14.31
2021-10-17,0.0,0.1947,14.43
2021-10-18,0.0,0.1976,14.8
2021-10-19,0.0,0.2013,15.92
2021-10-20,0.0,0.2036,16.51
2021-10-21,0.0,0.2018,14.33
2021-10-22,0.0,0.2036,14.12
2021-10-23,2.79,0.2055,14.78
2021-10-24,0.25,0.2059,15.64
2021-10-25,0.0,0.2036,13.92
2021-10-26,0.25,0.2036,13.61
2021-10-27,33.02,0.3103,15.24
2021-10-28,1.78,0.3695,13.32
2021-10-29,0.0,0.3555,12.06
2021-10-30,0.0,0.3495,11.32
2021-10-31,0.0,0.3461,11.67
2021-11-01,0.0,0.3426,10.74
2021-11-02,0.0,0.3402,10.37
2021-11-03,0.0,0.3381,10.1
2021-11-04,0.0,0.3367,10.57
2021-11-05,0.0,0.334,10.99
2021-11-06,0.0,0.3351,10.85
2021-11-07,0.0,0.3346,12.09
2021-11-08,0.0,0.3332,12.57
2021-11-09,0.0,0.331,12.35
2021-11-10,33.27,0.365,12.89
2021-11-11,0.25,0.3734,10.48
2021-11-12,0.0,0.3562,8.02
2021-11-13,0.0,0.3548,6.76
2021-11-14,2.03,0.355,8.37
2021-11-15,0.0,0.355,9.16
2021-11-16,0.0,0.3544,9.88
2021-11-17,0.0,0.3525,9.48
2021-11-18,0.0,0.3482,6.87
2021-11-19,0.0,0.3464,6.14
2021-11-20,0.0,0.3465,7.03
2021-11-21,0.0,0.3455,7.14
2021-11-22,0.0,0.3432,6.16
2021-11-23,0.0,0.3426,6.47
2021-11-24,0.0,0.3438,8.56
2021-11-25,0.0,0.3403,6.74
2021-11-26,0.0,0.3381,5.83
2021-11-27,0.0,0.3383,7.12
2021-11-28,0.0,0.3364,6.83
2021-11-29,0.0,0.3354,7.22
2021-11-30,0.0,0.3338,7.05
2021-12-01,0.0,0.3328,7.2
2021-12-02,0.0,0.3322,7.95
2021-12-03,0.0,0.3306,8.01
2021-12-04,0.0,0.3281,7.27
2021-12-05,0.0,0.3281,8.43
2021-12-06,0.0,0.3235,6.18
2021-12-07,0.0,0.3208,5.18
2021-12-08,0.0,0.3188,4.74
2021-12-09,0.0,0.3195,6.39
2021-12-10,0.0,0.3182,6.71
2021-12-11,0.0,0.3152,5.62
2021-12-12,0.0,0.3131,5.27
2021-12-13,0.0,0.3116,5.38
2021-12-14,0.0,0.311,6.25
2021-12-15,4.06,0.3158,9.83
2021-12-16,0.0,0.3135,6.92
2021-12-17,0.0,0.3097,5.25
2021-12-18,0.0,0.3066,3.81
2021-12-19,0.0,0.3029,1.68
2021-12-20,0.0,0.3026,2.23
2021-12-21,0.0,0.3016,2.0
2021-12-22,0.0,0.301,2.14
2021-12-23,0.0,0.3032,4.19
2021-12-24,0.0,0.3041,5.37
2021-12-25,0.0,0.3037,5.55
2021-12-26,0.0,0.3026,5.3
2021-12-27,0.0,0.3024,5.68
2021-12-28,0.0,0.3013,5.4
2021-12-29,0.0,0.2972,3.07
2021-12-30,0.0,0.2969,3.41
2021-12-31,0.0,0.2955,3.13
2022-01-01,0.25,0.2924,1.44
2022-01-02,0.25,0.2899,0.61
2022-01-03,0.25,0.2867,0.35
2022-01-04,0.25,0.2882,0.97
2022-01-05,0.0,0.2877,0.67
2022-01-06,0.0,0.2588,-0.05
2022-01-07,0.0,0.2146,-0.42
2022-01-08,0.0,0.2119,-0.39
2022-01-09,0.0,0.2235,-0.18
2022-01-10,0.0,0.2139,-0.41
2022-01-11,0.0,0.2227,-0.2
2022-01-12,0.0,0.2427,-0.02
2022-01-13,0.0,0.2773,0.46
2022-01-14,1.52,0.2814,1.6
2022-01-15,0.0,0.2796,0.95
2022-01-16,0.76,0.2755,0.23
2022-01-17,0.0,0.2766,0.37
2022-01-18,0.0,0.2779,1.58
2022-01-19,0.0,0.2771,1.24
2022-01-20,0.0,0.2346,-0.11
2022-01-21,0.0,0.1918,-0.78
2022-01-22,0.0,0.1992,-0.41
2022-01-23,0.0,0.2208,-0.09
2022-01-24,0.0,0.2671,0.91
2022-01-25,0.0,0.2769,0.58
2022-01-26,0.0,0.2753,0.24
2022-01-27,0.0,0.2747,0.26
2022-01-28,0.0,0.2748,0.6
2022-01-29,0.0,0.2745,0.83
2022-01-30,0.0,0.2745,1.13
2022-01-31,0.0,0.2756,2.08
2022-02-01,0.0,0.2766,3.02
2022-02-02,0.25,0.2749,1.81
2022-02-03,0.76,0.2729,0.74
2022-02-04,0.25,0.2669,0.22
2022-02-05,0.0,0.2478,0.05
2022-02-06,0.0,0.2661,0.29
2022-02-07,0.0,0.2676,0.86
2022-02-08,0.0,0.2686,1.62
2022-02-09,0.0,0.2695,2.39
2022-02-10,0.0,0.271,3.47
2022-02-11,0.0,0.2729,4.89
2022-02-12,0.0,0.2697,2.41
2022-02-13,0.0,0.2689,2.22
2022-02-14,0.0,0.2691,2.59
2022-02-15,0.0,0.2701,3.47
2022-02-16,0.0,0.2743,6.58
2022-02-17,0.0,0.2707,3.8
2022-02-18,0.0,0.2679,2.26
2022-02-19,0.0,0.2686,3.09
2022-02-20,0.0,0.2708,4.99
2022-02-21,0.0,0.272,5.96
2022-02-22,0.0,0.2678,3.03
2022-02-23,0.0,0.2633,0.7
2022-02-24,0.0,0.2594,0.25
2022-02-25,0.0,0.2327,-0.02
2022-02-26,0.0,0.2424,0.21
2022-02-27,0.0,0.2567,1.01
2022-02-28,0.0,0.2593,2.48
2022-03-01,0.0,0.2622,4.35
2022-03-02,0.0,0.2654,6.23
2022-03-03,0.0,0.2671,7.17
2022-03-04,0.0,0.2679,7.52
2022-03-05,0.76,0.2716,9.7
2022-03-06,0.0,0.2673,6.52
2022-03-07,8.13,0.2646,5.15
2022-03-08,0.0,0.2624,4.2
2022-03-09,0.0,0.2624,4.27
2022-03-10,0.0,0.2612,3.52
2022-03-11,3.56,0.2628,3.14
2022-03-12,0.0,0.2818,2.26
2022-03-13,0.0,0.3299,4.02
2022-03-14,0.0,0.3339,6.07
2022-03-15,0.0,0.3297,7.18
2022-03-16,0.0,0.3249,7.93
2022-03-17,2.29,0.3212,8.71
2022-03-18,2.79,0.3262,7.05
2022-03-19,0.0,0.3273,7.31
2022-03-20,0.0,0.3246,8.98
2022-03-21,19.3,0.3421,9.54
2022-03-22,21.59,0.4089,7.81
2022-03-23,0.25,0.4059,4.89
2022-03-24,0.25,0.3803,5.33
2022-03-25,0.0,0.3725,5.28
2022-03-26,0.0,0.3682,6.36
2022-03-27,0.0,0.3632,6.94
2022-03-28,0.0,0.3584,7.2
2022-03-29,3.81,0.358,9.2
2022-03-30,0.0,0.3602,8.45
2022-03-31,0.0,0.3539,6.57
2022-04-01,0.25,0.3505,7.39
2022-04-02,0.0,0.3486,9.37
2022-04-03,0.0,0.3456,9.46
2022-04-04,0.0,0.3443,10.38
2022-04-05,0.0,0.3423,10.43
2022-04-06,0.0,0.34,9.98
2022-04-07,0.0,0.3364,8.51
2022-04-08,0.0,0.3348,8.49
2022-04-09,0.0,0.3335,8.99
2022-04-10,0.0,0.3343,11.6
2022-04-11,0.0,0.3325,12.67
2022-04-12,5.59,0.3312,14.67
2022-04-13,0.0,0.3242,12.21
2022-04-14,0.0,0.3225,10.57
2022-04-15,0.0,0.3194,11.5
2022-04-16,0.0,0.3144,11.19
2022-04-17,0.0,0.3114,10.91
2022-04-18,0.0,0.3112,11.2
2022-04-19,0.0,0.3099,10.13
2022-04-20,0.51,0.3076,11.6
2022-04-21,0.0,0.3041,12.51
2022-04-22,0.0,0.306,15.61
2022-04-23,0.51,0.3032,16.41
2022-04-24,0.0,0.2997,15.45
2022-04-25,0.0,0.291,14.75
2022-04-26,0.0,0.2845,14.49
2022-04-27,0.0,0.2816,17.97
2022-04-28,0.0,0.277,18.11
2022-04-29,18.8,0.2718,18.59
2022-04-30,0.0,0.279,15.37
2022-05-01,0.0,0.2843,14.82
2022-05-02,13.21,0.3026,13.89
2022-05-03,0.25,0.3549,12.44
2022-05-04,15.49,0.3735,12.48
2022-05-05,27.18,0.4271,12.68
2022-05-06,0.76,0.4299,14.97
2022-05-07,0.0,0.4048,16.86
2022-05-08,0.25,0.3851,18.22
2022-05-09,0.0,0.3795,20.83
2022-05-10,0.0,0.3677,24.95
2022-05-11,0.0,0.3602,23.89
2022-05-12,0.0,0.3464,23.87
2022-05-13,0.25,0.3334,23.61
2022-05-14,0.25,0.3232,23.82
2022-05-15,8.89,0.3116,22.52
2022-05-16,0.0,0.3076,21.92
2022-05-17,26.67,0.3219,22.37
2022-05-18,1.52,0.4094,22.84
2022-05-19,0.0,0.3903,23.88
2022-05-20,0.0,0.3798,21.89
2022-05-21,0.0,0.3697,18.8
2022-05-22,0.0,0.3635,18.7
2022-05-23,0.0,0.3575,18.23
2022-05-24,18.03,0.3763,16.75
2022-05-25,33.53,0.4117,16.01
2022-05-26,3.05,0.4197,14.99
2022-05-27,0.0,0.4067,18.03
2022-05-28,0.0,0.3919,20.74
2022-05-29,2.79,0.383,21.7
2022-05-30,46.23,0.3784,22.89
2022-05-31,13.46,0.4355,23.09
2022-06-01,7.87,0.4231,21.51
2022-06-02,0.25,0.4179,21.18
2022-06-03,0.0,0.4035,22.38
2022-06-04,3.81,0.3981,21.57
2022-06-05,8.38,0.4044,22.8
2022-06-06,0.0,0.4087,24.09
2022-06-07,17.02,0.4105,25.79
2022-06-08,3.3,0.4225,24.05
2022-06-09,0.25,0.4105,22.81
2022-06-10,0.0,0.408,24.55
2022-06-11,31.24,0.41,24.8
2022-06-12,0.25,0.4264,24.15
2022-06-13,0.0,0.4136,25.85
2022-06-14,0.0,0.4051,26.08
2022-06-15,0.0,0.3974,26.35
2022-06-16,0.0,0.3894,27.67
2022-06-17,0.0,0.3752,28.78
2022-06-18,0.0,0.3545,29.09
2022-06-19,0.0,0.3294,29.39
2022-06-20,0.0,0.3028,29.46
2022-06-21,45.47,0.3175,29.68
2022-06-22,0.76,0.4328,26.28
2022-06-23,37.85,0.4178,25.73
2022-06-24,3.56,0.4182,26.28
2022-06-25,0.0,0.4082,27.03
2022-06-26,0.0,0.3962,24.73
2022-06-27,0.0,0.3885,24.57
2022-06-28,0.0,0.3797,25.53
2022-06-29,0.0,0.3638,25.91
2022-06-30,0.0,0.3415,26.18
2022-07-01,41.4,0.3558,25.55
2022-07-02,31.75,0.4366,24.08
2022-07-03,0.0,0.4165,25.38
2022-07-04,0.0,0.3988,26.94
2022-07-05,0.0,0.386,27.68
2022-07-06,0.25,0.3728,27.46
2022-07-07,1.52,0.3594,27.78
2022-07-08,0.0,0.3444,27.49
2022-07-09,0.0,0.3281,27.5
2022-07-10,0.0,0.3098,27.77
2022-07-11,0.0,0.2903,27.98
2022-07-12,0.0,0.2743,27.48
2022-07-13,0.0,0.2618,27.56
2022-07-14,0.0,0.2517,27.68
2022-07-15,0.0,0.2439,28.84
2022-07-16,0.0,0.2373,28.12
2022-07-17,0.25,0.2346,28.08
2022-07-18,0.0,0.2315,28.61
2022-07-19,0.0,0.228,28.62
2022-07-20,0.0,0.2251,28.63
2022-07-21,0.0,0.2228,28.9
2022-07-22,0.0,0.2212,29.81
2022-07-23,0.0,0.219,30.37
2022-07-24,6.35,0.215,28.89
2022-07-25,63.5,0.3819,24.32
2022-07-26,3.3,0.3907,23.97
2022-07-27,0.0,0.3928,26.0
2022-07-28,2.29,0.3878,26.74
2022-07-29,0.0,0.3818,25.37
2022-07-30,0.0,0.3745,25.1
2022-07-31,0.0,0.3663,26.64
2022-08-01,0.0,0.3534,28.03
2022-08-02,0.0,0.3336,28.15
2022-08-03,0.76,0.3134,27.67
2022-08-04,0.0,0.2983,28.02
2022-08-05,0.0,0.2797,28.39
2022-08-06,0.0,0.2598,28.54
2022-08-07,0.0,0.2438,28.62
2022-08-08,0.0,0.2344,27.39
2022-08-09,0.0,0.2296,26.71
2022-08-10,0.0,0.2251,26.65
2022-08-11,0.0,0.2212,26.57
2022-08-12,0.0,0.218,26.52
2022-08-13,0.0,0.2163,27.59
2022-08-14,0.0,0.2147,28.26
2022-08-15,0.0,0.2134,28.66
2022-08-16,7.62,0.2075,25.76
2022-08-17,0.0,0.2075,25.12
2022-08-18,0.0,0.2087,25.35
2022-08-19,22.1,0.2486,24.13
2022-08-20,0.25,0.2629,24.36
2022-08-21,0.0,0.2527,24.6
2022-08-22,0.0,0.2446,24.79
2022-08-23,0.0,0.2353,24.86
2022-08-24,0.0,0.2257,24.85
2022-08-25,0.0,0.2195,25.6
2022-08-26,0.0,0.2155,26.22
2022-08-27,8.38,0.2121,25.97
2022-08-28,0.25,0.2116,25.86
2022-08-29,0.0,0.2134,26.32
2022-08-30,0.0,0.2127,25.95
2022-08-31,0.0,0.2098,25.24
2022-09-01,0.0,0.2079,25.34
2022-09-02,0.0,0.2073,26.13
2022-09-03,0.0,0.2056,26.05
2022-09-04,0.0,0.2021,24.52
2022-09-05,0.0,0.2017,24.82
2022-09-06,0.0,0.2014,25.41
2022-09-07,0.0,0.2007,25.76
2022-09-08,0.0,0.1988,25.22
2022-09-09,0.0,0.1977,25.23
2022-09-10,16.26,0.1949,22.91
2022-09-11,0.25,0.1957,20.93
2022-09-12,0.0,0.1976,20.72
2022-09-13,0.0,0.1999,21.39
2022-09-14,0.0,0.2014,22.33
2022-09-15,0.0,0.2002,22.52
2022-09-16,0.0,0.199,22.94
2022-09-17,8.64,0.2059,23.54
2022-09-18,2.03,0.2395,23.67
2022-09-19,0.0,0.2283,23.96
2022-09-20,0.0,0.2157,24.44
2022-09-21,7.37,0.2068,24.0
2022-09-22,2.79,0.2004,20.87
2022-09-23,6.6,0.2001,19.94
2022-09-24,0.0,0.2033,20.06
2022-09-25,0.0,0.2047,19.96
2022-09-26,0.0,0.2031,18.45
2022-09-27,0.0,0.203,18.41
2022-09-28,0.0,0.2018,18.33
2022-09-29,0.0,0.1987,17.66
2022-09-30,0.0,0.1969,18.02
2022-10-01,0.0,0.1958,18.54
2022-10-02,0.0,0.1934,18.02
2022-10-03,0.0,0.1924,18.18
2022-10-04,0.0,0.1921,18.87
2022-10-05,0.0,0.1919,19.52
2022-10-06,0.0,0.1896,18.7
2022-10-07,1.02,0.1864,17.2
2022-10-08,0.0,0.1842,16.0
2022-10-09,0.0,0.1832,15.61
2022-10-10,0.0,0.1833,15.99
2022-10-11,0.0,0.1863,18.41
2022-10-12,18.8,0.2428,17.78
2022-10-13,0.0,0.2353,14.91
2022-10-14,0.0,0.2301,13.77
2022-10-15,0.0,0.2272,13.93
2022-10-16,0.0,0.2246,13.84
2022-10-17,0.0,0.2203,12.19
2022-10-18,0.0,0.2157,10.41
2022-10-19,0.0,0.2125,9.26
2022-10-20,0.0,0.2127,10.56
2022-10-21,0.0,0.2137,12.31
2022-10-22,0.0,0.2151,14.54
2022-10-23,1.02,0.2167,16.78
2022-10-24,9.4,0.2139,16.11
2022-10-25,0.0,0.2082,12.8
2022-10-26,0.0,0.2059,11.53
2022-10-27,2.54,0.2069,12.22
2022-10-28,0.0,0.2075,12.67
2022-10-29,0.0,0.2062,11.76
2022-10-30,0.0,0.2074,12.47
2022-10-31,0.0,0.2082,12.84
2022-11-01,0.0,0.208,12.58
2022-11-02,0.0,0.2102,13.96
2022-11-03,0.0,0.2126,15.31
2022-11-04,56.9,0.3291,12.53
2022-11-05,14.99,0.3892,9.19
2022-11-06,0.0,0.3613,10.11
2022-11-07,0.0,0.3556,9.63
2022-11-08,0.0,0.3544,11.22
2022-11-09,0.0,0.3572,14.53
2022-11-10,0.0,0.355,14.29
2022-11-11,0.0,0.3469,9.28
2022-11-12,0.0,0.3423,6.88
2022-11-13,0.0,0.3394,5.65
2022-11-14,0.0,0.3387,6.1
2022-11-15,2.29,0.3374,5.84
2022-11-16,0.0,0.336,4.74
2022-11-17,0.0,0.3351,4.09
2022-11-18,0.0,0.3334,3.11
2022-11-19,,,
2022-11-20,,,
2022-11-21,0.0,0.3331,3.75
2022-11-22,0.0,0.3323,3.61
2022-11-23,0.0,0.3342,5.43
2022-11-24,0.0,0.3355,7.09
2022-11-25,0.0,0.3334,5.92
2022-11-26,3.3,0.3316,4.99
2022-11-27,5.84,0.3601,5.83
2022-11-28,0.0,0.3542,4.77
2022-11-29,0.0,0.3522,5.25
2022-11-30,0.0,0.3477,3.31
2022-12-01,0.0,0.3459,3.09
2022-12-02,0.0,0.3472,5.07
2022-12-03,0.0,0.3438,3.66
2022-12-04,0.0,0.3422,3.17
2022-12-05,0.0,0.3418,3.7
2022-12-06,0.0,0.3411,3.96
2022-12-07,0.0,0.34,3.69
2022-12-08,1.78,0.3401,4.28
2022-12-09,0.0,0.3396,4.25
2022-12-10,0.0,0.3401,4.51
2022-12-11,0.0,0.3382,3.22
2022-12-12,2.03,0.34,4.76
2022-12-13,18.29,0.4097,6.65
2022-12-14,0.0,0.3942,4.53
2022-12-15,0.0,0.3672,3.39
2022-12-16,0.0,0.3592,2.24
2022-12-17,0.0,0.3549,1.64
2022-12-18,0.0,0.352,1.19
2022-12-19,4.57,0.3652,1.37
2022-12-20,0.0,0.3599,1.33
2022-12-21,0.0,0.3534,1.01
2022-12-22,0.0,0.3498,0.72
2022-12-23,0.0,0.3448,0.55
2022-12-24,0.0,0.3421,0.51
2022-12-25,0.0,0.341,0.48
2022-12-26,0.0,0.3401,0.48
2022-12-27,0.0,0.3419,0.45
2022-12-28,0.0,0.3598,0.48
2022-12-29,0.0,0.3708,0.84
2022-12-30,0.0,0.3648,1.08
2022-12-31,0.0,0.3626,1.61
2023-01-01,0.0,0.3612,2.13
2023-01-02,17.53,0.3812,3.09
2023-01-03,0.51,0.4138,3.52
2023-01-04,0.0,0.3949,2.5
2023-01-05,0.0,0.3704,1.94
2023-01-06,0.0,0.363,1.44
2023-01-07,0.0,0.3623,1.75
2023-01-08,0.0,0.3575,1.14
2023-01-09,0.0,0.3582,1.88
2023-01-10,0.0,0.3579,1.93
2023-01-11,0.0,0.3584,2.82
2023-01-12,1.27,0.357,2.13
2023-01-13,0.51,0.356,1.26
2023-01-14,0.0,0.3553,1.29
2023-01-15,0.0,0.357,2.67
2023-01-16,0.0,0.3592,4.82
2023-01-17,0.0,0.3567,3.53
2023-01-18,22.1,0.389,3.17
2023-01-19,0.51,0.4079,2.75
2023-01-20,0.0,0.385,1.86
2023-01-21,2.03,0.3803,1.57
2023-01-22,3.3,0.3929,1.94
2023-01-23,0.0,0.388,1.48
2023-01-24,0.0,0.3761,1.09
2023-01-25,0.0,0.3718,1.09
2023-01-26,0.0,0.3631,0.74
2023-01-27,0.0,0.3608,0.83
2023-01-28,0.0,0.3614,1.53
2023-01-29,0.0,0.3593,0.8
2023-01-30,0.0,0.3546,0.32
2023-01-31,0.0,0.3345,0.1
2023-02-01,0.0,0.2587,-0.08
2023-02-02,0.0,0.2409,-0.07
2023-02-03,0.0,0.2378,-0.11
2023-02-04,0.0,0.2451,-0.02
2023-02-05,0.0,0.2692,0.05
2023-02-06,0.0,0.3165,0.11
2023-02-07,0.0,0.3462,0.7
2023-02-08,1.02,0.3435,0.93
2023-02-09,0.25,0.3495,1.69
2023-02-10,0.0,0.3464,1.33
2023-02-11,0.0,0.3424,0.96
2023-02-12,0.0,0.342,1.47
2023-02-13,0.0,0.3431,2.31
2023-02-14,7.87,0.367,4.24
2023-02-15,0.0,0.366,3.8
2023-02-16,0.0,0.3594,1.93
2023-02-17,0.25,0.3537,1.18
2023-02-18,0.0,0.3548,1.69
2023-02-19,0.0,0.3553,2.78
2023-02-20,0.0,0.3548,3.45
2023-02-21,0.0,0.3538,3.72
2023-02-22,0.0,0.354,4.82
2023-02-23,0.0,0.349,2.23
2023-02-24,0.0,0.346,1.11
2023-02-25,0.0,0.3442,0.99
2023-02-26,9.65,0.3476,2.27
2023-02-27,1.02,0.3956,6.01
2023-02-28,0.0,0.3715,5.9
2023-03-01,0.0,0.3668,5.92
2023-03-02,0.0,0.3623,5.02
2023-03-03,0.0,0.3614,5.39
2023-03-04,0.51,0.3605,6.09
2023-03-05,0.0,0.3605,6.89
2023-03-06,0.0,0.359,7.25
2023-03-07,0.0,0.3566,6.51
2023-03-08,0.76,0.3552,6.54
2023-03-09,3.81,0.3624,6.55
2023-03-10,0.0,0.3642,5.79
2023-03-11,1.78,0.3631,5.31
2023-03-12,0.0,0.3644,5.33
2023-03-13,0.0,0.3611,4.46
2023-03-14,0.0,0.3593,4.41
2023-03-15,0.25,0.36,5.99
2023-03-16,8.64,0.3855,6.51
2023-03-17,0.0,0.385,4.33
2023-03-18,0.0,0.3699,3.24
2023-03-19,0.0,0.3649,2.8
2023-03-20,1.02,0.3657,4.29
2023-03-21,0.0,0.3648,5.54
2023-03-22,0.0,0.3655,6.93
2023-03-23,0.0,0.3646,7.14
2023-03-24,2.03,0.3627,6.62
2023-03-25,2.03,0.3644,7.8
2023-03-26,0.0,0.3655,6.92
2023-03-27,0.51,0.3649,6.42
2023-03-28,0.51,0.3657,7.43
2023-03-29,0.0,0.3652,7.85
2023-03-30,0.0,0.3651,9.13
2023-03-31,0.0,0.3668,11.81
2023-04-01,0.0,0.3623,9.9
2023-04-02,0.0,0.3614,10.61
2023-04-03,0.0,0.3606,11.49
2023-04-04,0.0,0.3591,12.08
2023-04-05,0.0,0.3551,10.61
2023-04-06,0.0,0.3526,9.79
2023-04-07,0.0,0.3518,10.35
2023-04-08,0.0,0.3507,11.03
2023-04-09,0.0,0.3494,11.66
2023-04-10,0.0,0.3497,13.3
2023-04-11,0.0,0.3483,13.96
2023-04-12,0.0,0.3467,14.91
2023-04-13,0.0,0.3439,15.3
2023-04-14,8.89,0.3414,16.16
2023-04-15,10.92,0.3626,13.93
2023-04-16,0.0,0.3643,11.54
2023-04-17,0.0,0.3627,12.07
2023-04-18,0.0,0.3627,14.13
2023-04-19,1.52,0.363,16.57
2023-04-20,19.05,0.4273,15.76
2023-04-21,0.0,0.3898,13.59
2023-04-22,0.0,0.3784,12.0
2023-04-23,0.0,0.3752,11.99
2023-04-24,0.0,0.3729,12.53
2023-04-25,0.0,0.3709,12.71
2023-04-26,0.0,0.3689,12.78
2023-04-27,0.0,0.3681,13.8
2023-04-28,0.0,0.3653,13.01
2023-04-29,0.0,0.3636,13.22
2023-04-30,0.0,0.3605,13.16
2023-05-01,0.0,0.3576,13.11
2023-05-02,0.0,0.3553,13.71
2023-05-03,0.0,0.3531,14.93
2023-05-04,0.0,0.3509,15.99
2023-05-05,7.62,0.3503,17.45
2023-05-06,0.0,0.3496,19.76
2023-05-07,7.37,0.3456,20.67
2023-05-08,0.25,0.3416,21.04
2023-05-09,44.45,0.3837,19.29
2023-05-10,0.0,0.4281,19.65
2023-05-11,2.79,0.4055,20.04
2023-05-12,0.0,0.3969,21.02
2023-05-13,0.0,0.388,21.52
2023-05-14,0.0,0.3846,22.22
2023-05-15,9.65,0.3949,19.98
2023-05-16,0.25,0.3971,18.61
2023-05-17,0.25,0.3922,19.91
2023-05-18,0.0,0.3889,21.3
2023-05-19,0.0,0.384,20.15
2023-05-20,0.0,0.3797,19.26
2023-05-21,0.0,0.3765,20.33
2023-05-22,0.0,0.372,20.9
2023-05-23,0.0,0.367,21.68
2023-05-24,0.0,0.361,22.6
2023-05-25,0.76,0.353,22.43
2023-05-26,0.25,0.3447,21.87
2023-05-27,0.0,0.3344,21.98
2023-05-28,1.52,0.3239,21.84
2023-05-29,0.25,0.3169,22.86
2023-05-30,0.0,0.3067,23.81
2023-05-31,25.91,0.3083,23.56
2023-06-01,1.78,0.3822,23.03
2023-06-02,0.0,0.3685,24.08
2023-06-03,12.7,0.3893,23.07
2023-06-04,0.25,0.4033,23.67
2023-06-05,0.0,0.3905,24.75
2023-06-06,0.0,0.3825,24.9
2023-06-07,0.0,0.3741,25.86
2023-06-08,0.0,0.3647,26.05
2023-06-09,33.78,0.3563,25.99
2023-06-10,4.32,0.4409,23.96
2023-06-11,0.0,0.4037,23.18
2023-06-12,0.0,0.392,22.59
2023-06-13,0.0,0.3865,22.9
2023-06-14,0.0,0.3829,24.73
2023-06-15,0.0,0.3768,25.09
2023-06-16,0.0,0.3683,25.92
2023-06-17,0.0,0.357,26.1
2023-06-18,7.87,0.3475,26.09
2023-06-19,0.0,0.3392,26.15
2023-06-20,0.0,0.3284,26.39
2023-06-21,0.0,0.3169,26.05
2023-06-22,0.0,0.3059,26.89
2023-06-23,0.0,0.293,27.68
2023-06-24,1.27,0.2809,27.6
2023-06-25,0.0,0.2698,26.81
2023-06-26,0.0,0.262,26.82
2023-06-27,0.51,0.2554,26.08
2023-06-28,0.0,0.2527,27.84
2023-06-29,0.0,0.2489,28.99
2023-06-30,4.06,0.245,29.37
2023-07-01,5.33,0.2407,27.68
2023-07-02,0.0,0.2414,27.23
2023-07-03,0.0,0.2432,27.75
2023-07-04,43.94,0.2556,28.49
2023-07-05,2.03,0.3379,26.03
2023-07-06,0.0,0.32,25.44
2023-07-07,0.0,0.3107,25.5
2023-07-08,0.0,0.304,25.4
2023-07-09,0.0,0.2972,25.97
2023-07-10,0.0,0.2883,26.48
2023-07-11,0.0,0.279,27.86
2023-07-12,0.0,0.2692,27.86
2023-07-13,0.0,0.2625,28.18
2023-07-14,35.56,0.3201,26.45
2023-07-15,0.0,0.3769,26.15
2023-07-16,0.0,0.3664,26.4
2023-07-17,0.0,0.3588,27.05
2023-07-18,0.0,0.3494,27.02
2023-07-19,0.0,0.3419,26.24
2023-07-20,0.25,0.3366,27.13
2023-07-21,0.0,0.3257,26.8
2023-07-22,0.0,0.3139,26.27
2023-07-23,0.25,0.3029,26.85
2023-07-24,0.0,0.29,28.01
2023-07-25,0.0,0.2766,28.79
2023-07-26,0.0,0.2631,29.77
2023-07-27,0.0,0.2522,29.06
2023-07-28,3.05,0.2469,29.6
2023-07-29,0.25,0.2408,27.91
2023-07-30,0.76,0.241,28.18
2023-07-31,0.0,0.2393,27.58
2023-08-01,0.0,0.2402,28.81
2023-08-02,0.0,0.2392,29.44
2023-08-03,7.62,0.2366,28.48
2023-08-04,14.73,0.2499,28.3
2023-08-05,3.3,0.254,28.63
2023-08-06,0.25,0.2513,26.81
2023-08-07,0.0,0.2496,25.64
2023-08-08,0.0,0.2506,26.89
2023-08-09,7.37,0.2501,27.49
2023-08-10,0.0,0.2496,27.46
2023-08-11,0.0,0.2488,28.04
2023-08-12,0.0,0.2465,28.13
2023-08-13,10.92,0.2471,27.26
2023-08-14,0.0,0.2437,25.35
2023-08-15,0.0,0.2429,24.59
2023-08-16,0.0,0.2435,25.21
2023-08-17,0.0,0.2432,26.0
2023-08-18,0.0,0.2406,25.42
2023-08-19,0.0,0.242,27.52
2023-08-20,0.0,0.2413,28.79
2023-08-21,0.0,0.2412,30.26
2023-08-22,0.0,0.2398,30.75
2023-08-23,0.0,0.2383,30.99
2023-08-24,0.0,0.2363,30.98
2023-08-25,0.0,0.2346,31.1
2023-08-26,0.51,0.2312,29.95
2023-08-27,0.0,0.2281,28.6
2023-08-28,0.0,0.2258,27.79
2023-08-29,0.0,0.2258,28.45
2023-08-30,0.0,0.2233,27.63
2023-08-31,0.0,0.2221,27.54
2023-09-01,0.0,0.2214,27.83
2023-09-02,0.0,0.2211,28.37
2023-09-03,0.0,0.2194,28.2
2023-09-04,0.0,0.2185,28.34
2023-09-05,0.0,0.2179,28.9
2023-09-06,0.0,0.2134,26.94
2023-09-07,0.0,0.2108,25.78
2023-09-08,0.0,0.2105,26.17
2023-09-09,0.0,0.2091,25.93
2023-09-10,0.76,0.2081,25.89
2023-09-11,3.3,0.204,23.83
2023-09-12,0.25,0.2018,22.22
2023-09-13,0.0,0.203,22.57
2023-09-14,0.0,0.2038,22.6
2023-09-15,0.0,0.2031,22.1
2023-09-16,0.51,0.2047,22.98
2023-09-17,0.0,0.2038,22.46
2023-09-18,0.0,0.2041,22.74
2023-09-19,0.0,0.2044,23.27
2023-09-20,0.0,0.2048,23.7
2023-09-21,0.0,0.205,24.27
2023-09-22,16.76,0.2026,23.05
2023-09-23,0.0,0.2046,23.1
2023-09-24,0.0,0.205,22.03
2023-09-25,0.0,0.2063,21.66
2023-09-26,0.0,0.2074,21.6
2023-09-27,0.0,0.209,21.98
2023-09-28,0.0,0.2103,22.56
2023-09-29,0.0,0.2122,23.8
2023-09-30,0.0,0.2133,24.64
2023-10-01,0.0,0.2129,24.67
2023-10-02,0.0,0.2116,24.14
2023-10-03,25.65,0.21,23.57
2023-10-04,1.02,0.2092,21.53
2023-10-05,0.0,0.2085,19.88
2023-10-06,0.0,0.2056,17.18
2023-10-07,0.0,0.2043,15.67
2023-10-08,0.0,0.2064,16.14
2023-10-09,0.0,0.2077,16.35
2023-10-10,0.0,0.2075,15.83
2023-10-11,0.0,0.2109,17.61
2023-10-12,5.59,0.2124,18.45
2023-10-13,0.0,0.2098,16.42
2023-10-14,0.0,0.2071,14.45
2023-10-15,0.0,0.2065,13.93
2023-10-16,0.0,0.206,13.43
2023-10-17,0.0,0.206,13.24
2023-10-18,0.0,0.2075,14.04
2023-10-19,0.0,0.2083,14.43
2023-10-20,0.0,0.2094,15.05
2023-10-21,0.0,0.2096,15.28
2023-10-22,0.0,0.2091,15.11
2023-10-23,0.25,0.2125,17.38
2023-10-24,1.52,0.2136,18.35
2023-10-25,8.38,0.2132,18.02
2023-10-26,0.76,0.2149,18.84
2023-10-27,0.0,0.2091,15.36
2023-10-28,7.37,0.2029,11.34
2023-10-29,0.0,0.2003,9.34
2023-10-30,0.0,0.1985,7.93
2023-10-31,0.0,0.1972,6.83
2023-11-01,0.0,0.196,5.81
2023-11-02,0.0,0.1988,7.15
2023-11-03,0.0,0.203,9.28
2023-11-04,0.0,0.2042,9.66
2023-11-05,0.0,0.2053,10.03
2023-11-06,0.0,0.2088,11.78
2023-11-07,0.0,0.2095,11.94
2023-11-08,0.25,0.2105,12.28
2023-11-09,0.0,0.2082,10.7
2023-11-10,0.0,0.2057,8.95
2023-11-11,0.0,0.2061,8.99
2023-11-12,0.0,0.2074,9.62
2023-11-13,0.0,0.2067,9.12
2023-11-14,0.0,0.208,9.74
2023-11-15,0.0,0.2091,10.39
2023-11-16,0.0,0.2105,11.2
2023-11-17,0.0,0.2095,10.66
2023-11-18,0.0,0.2068,9.05
2023-11-19,32.77,0.2275,9.53
2023-11-20,9.14,0.3617,9.35
2023-11-21,0.25,0.3633,8.37
2023-11-22,0.0,0.3542,6.55
2023-11-23,0.0,0.35,6.52
2023-11-24,0.0,0.3447,4.79
2023-11-25,0.0,0.3412,3.83
2023-11-26,11.94,0.3427,4.34
2023-11-27,0.0,0.3503,4.05
2023-11-28,0.0,0.3651,3.32
2023-11-29,0.0,0.3719,3.03
2023-11-30,3.56,0.3667,4.38
2023-12-01,4.32,0.3798,4.41
2023-12-02,0.25,0.3661,2.72
2023-12-03,0.25,0.3648,3.19
2023-12-04,0.25,0.3626,3.78
2023-12-05,0.0,0.3609,4.2
2023-12-06,0.0,0.3583,3.87
2023-12-07,0.0,0.3592,5.95
2023-12-08,0.0,0.3576,6.4
2023-12-09,0.0,0.3552,5.88
2023-12-10,0.0,0.3514,4.05
2023-12-11,0.0,0.3497,3.64
2023-12-12,0.0,0.3482,3.45
2023-12-13,0.0,0.3472,3.66
2023-12-14,0.0,0.3464,3.87
2023-12-15,17.27,0.3805,4.98
2023-12-16,0.25,0.3772,5.57
2023-12-17,0.0,0.3688,4.32
2023-12-18,0.0,0.3648,3.67
2023-12-19,0.0,0.3621,3.18
2023-12-20,0.0,0.3617,4.53
2023-12-21,2.29,0.363,6.87
2023-12-22,2.29,0.3771,7.99
2023-12-23,0.51,0.3748,6.87
2023-12-24,30.99,0.4191,9.81
2023-12-25,0.76,0.4137,6.52
2023-12-26,4.32,0.3945,4.65
2023-12-27,0.76,0.3894,3.8
2023-12-28,0.0,0.3844,3.25
2023-12-29,0.0,0.3809,3.6
2023-12-30,0.0,0.3767,3.15
2023-12-31,0.0,0.374,2.85
2024-01-01,0.0,0.3715,2.6
2024-01-02,0.0,0.3683,1.84
2024-01-03,0.0,0.3667,1.81
2024-01-04,0.0,0.3663,1.92
2024-01-05,3.05,0.3662,1.94
2024-01-06,1.02,0.3738,2.53
2024-01-07,0.25,0.3766,2.03
2024-01-08,22.61,0.3941,1.97
2024-01-09,0.0,0.4017,1.75
2024-01-10,10.41,0.4025,1.49
2024-01-11,0.0,0.397,1.2
2024-01-12,0.0,0.381,0.92
2024-01-13,0.0,0.3729,0.71
2024-01-14,0.0,0.3669,0.41
2024-01-15,0.0,0.3446,0.13
2024-01-16,0.0,0.2568,-0.09
2024-01-17,1.52,0.2263,-0.2
2024-01-18,0.0,0.2286,-0.1
2024-01-19,0.0,0.2169,-0.35
2024-01-20,0.0,0.2012,-0.75
2024-01-21,0.0,0.1989,-0.8
2024-01-22,0.76,0.2048,-0.39
2024-01-23,9.91,0.2201,-0.06
2024-01-24,0.76,0.2289,-0.04
2024-01-25,5.08,0.2357,-0.03
2024-01-26,0.25,0.2435,-0.01
2024-01-27,0.0,0.2542,0.0
2024-01-28,0.25,0.2701,0.01
2024-01-29,0.0,0.3142,0.02
2024-01-30,0.25,0.3754,0.63
2024-01-31,0.0,0.3797,1.68
2024-02-01,0.0,0.3784,4.05
2024-02-02,0.0,0.3761,5.55
2024-02-03,14.48,0.3929,6.6
2024-02-04,5.59,0.4063,6.36
2024-02-05,0.0,0.4065,4.5
2024-02-06,0.25,0.405,4.73
2024-02-07,0.0,0.3961,5.8
2024-02-08,0.0,0.3881,6.95
2024-02-09,0.0,0.3805,6.02
2024-02-10,0.0,0.3748,4.85
2024-02-11,0.0,0.3709,4.21
2024-02-12,0.0,0.3648,3.61
2024-02-13,0.0,0.3649,4.08
2024-02-14,0.0,0.3671,4.74
2024-02-15,0.0,0.3648,5.19
2024-02-16,1.52,0.3609,3.62
2024-02-17,0.0,0.3581,1.89
2024-02-18,0.0,0.358,2.01
2024-02-19,0.0,0.3584,2.61
2024-02-20,0.0,0.3617,3.87
2024-02-21,0.0,0.3644,6.05
2024-02-22,0.0,0.3637,6.7
2024-02-23,0.0,0.362,6.49
2024-02-24,0.0,0.3602,6.21
2024-02-25,0.0,0.3594,6.68
2024-02-26,0.0,0.3585,7.25
2024-02-27,0.0,0.357,7.39
2024-02-28,0.0,0.352,4.45
2024-02-29,0.25,0.3507,4.45
2024-03-01,2.29,0.3509,5.38
2024-03-02,0.0,0.3511,6.12
2024-03-03,0.0,0.3536,9.08
2024-03-04,0.0,0.3524,9.2
2024-03-05,0.0,0.3499,8.18
2024-03-06,0.0,0.3476,7.47
2024-03-07,8.38,0.3462,7.05
2024-03-08,0.25,0.3481,6.47
2024-03-09,0.0,0.3493,5.72
2024-03-10,0.0,0.3506,6.28
2024-03-11,0.0,0.3527,8.26
2024-03-12,0.0,0.3537,9.7
2024-03-13,14.22,0.3632,9.69
2024-03-14,0.25,0.3942,10.72
2024-03-15,0.0,0.3834,10.54
2024-03-16,0.0,0.3788,10.16
2024-03-17,0.0,0.3737,8.44
2024-03-18,0.0,0.3694,6.75
2024-03-19,0.0,0.369,7.91
2024-03-20,0.0,0.367,8.44
2024-03-21,0.0,0.3649,8.62
2024-03-22,0.0,0.3631,9.44
2024-03-23,0.0,0.3586,7.86
2024-03-24,0.51,0.3568,7.98
2024-03-25,0.0,0.3572,9.83
2024-03-26,0.25,0.3516,7.43
2024-03-27,0.0,0.3484,6.56
2024-03-28,0.0,0.3478,8.43
2024-03-29,0.0,0.3469,10.95
2024-03-30,0.0,0.3428,11.6
2024-03-31,0.0,0.3396,12.95
2024-04-01,0.0,0.3345,14.03
2024-04-02,6.35,0.3292,11.21
2024-04-03,0.0,0.325,9.89
2024-04-04,0.0,0.3224,10.02
2024-04-05,0.0,0.3192,10.4
2024-04-06,1.78,0.3165,11.84
2024-04-07,0.0,0.3121,11.92
2024-04-08,0.0,0.3078,12.15
2024-04-09,0.0,0.3038,12.75
2024-04-10,0.0,0.2996,13.4
2024-04-11,0.0,0.2941,13.34
2024-04-12,0.0,0.288,13.22
2024-04-13,0.0,0.2837,15.4
2024-04-14,0.0,0.2785,17.62
2024-04-15,0.0,0.2725,17.7
2024-04-16,20.83,0.3405,17.95
2024-04-17,1.78,0.3391,17.14
2024-04-18,3.3,0.3279,15.05
2024-04-19,0.0,0.3225,13.58
2024-04-20,0.0,0.3174,12.85
2024-04-21,0.0,0.3139,13.0
2024-04-22,0.0,0.3087,13.44
2024-04-23,0.0,0.3042,15.1
2024-04-24,0.0,0.2983,14.84
2024-04-25,54.86,0.3576,14.46
2024-04-26,0.0,0.3968,15.98
2024-04-27,4.57,0.3872,16.14
2024-04-28,1.27,0.4038,16.43
2024-04-29,0.25,0.3914,16.43
2024-04-30,2.03,0.3867,17.94
2024-05-01,4.83,0.3862,16.91
2024-05-02,23.11,0.412,17.35
2024-05-03,0.0,0.4135,16.93
2024-05-04,6.6,0.4155,17.43
2024-05-05,0.0,0.403,15.71
2024-05-06,9.65,0.4006,16.36
2024-05-07,0.0,0.4162,17.02
2024-05-08,0.0,0.4013,18.02
2024-05-09,0.0,0.3889,17.82
2024-05-10,0.0,0.3819,18.31
2024-05-11,0.0,0.3747,19.19
2024-05-12,0.0,0.3658,19.13
2024-05-13,26.42,0.3957,18.27
2024-05-14,0.0,0.4136,18.57
2024-05-15,6.1,0.4073,18.28
2024-05-16,0.25,0.4112,20.31
2024-05-17,0.0,0.3963,20.93
2024-05-18,0.0,0.3879,22.25
2024-05-19,40.64,0.3863,22.06
2024-05-20,0.0,0.4245,21.4
2024-05-21,0.0,0.4081,22.17
2024-05-22,1.27,0.3938,21.53
2024-05-23,0.0,0.385,21.57
2024-05-24,0.0,0.3762,23.11
2024-05-25,12.19,0.3622,22.02
2024-05-26,20.83,0.4135,22.37
2024-05-27,0.0,0.3984,22.75
2024-05-28,0.0,0.3869,22.48
2024-05-29,0.0,0.3773,22.8
2024-05-30,0.25,0.3676,22.0
2024-05-31,0.25,0.3623,21.49
2024-06-01,0.0,0.3566,22.78
2024-06-02,10.41,0.3522,23.32
2024-06-03,0.0,0.3476,23.1
2024-06-04,20.83,0.3619,23.99
2024-06-05,0.0,0.415,23.83
2024-06-06,5.33,0.4007,24.28
2024-06-07,2.03,0.3919,23.57
2024-06-08,0.0,0.3856,24.91
2024-06-09,5.59,0.3816,24.81
2024-06-10,0.0,0.3732,24.16
2024-06-11,0.0,0.3634,24.06
2024-06-12,0.0,0.3518,24.66
2024-06-13,1.52,0.3393,25.98
2024-06-14,0.0,0.3278,26.34
2024-06-15,24.64,0.3226,26.26
2024-06-16,35.56,0.4211,25.1
2024-06-17,0.0,0.397,25.9
2024-06-18,7.11,0.382,25.4
2024-06-19,9.65,0.4214,24.2
2024-06-20,4.32,0.4128,25.51
2024-06-21,0.0,0.3978,26.47
2024-06-22,0.0,0.3859,26.76
2024-06-23,0.0,0.3748,27.07
2024-06-24,0.0,0.3622,27.76
2024-06-25,0.0,0.3491,28.1
2024-06-26,1.52,0.3385,28.3
2024-06-27,0.0,0.3259,26.73
2024-06-28,14.99,0.3268,26.66
2024-06-29,0.0,0.3434,27.01
2024-06-30,0.0,0.3308,24.9
2024-07-01,28.96,0.3958,23.98
2024-07-02,2.79,0.3879,26.16
2024-07-03,13.21,0.382,25.15
2024-07-04,13.21,0.4262,25.2
2024-07-05,0.0,0.4005,25.48
2024-07-06,0.0,0.3917,25.47
2024-07-07,0.0,0.3845,25.38
2024-07-08,0.0,0.3783,25.71
2024-07-09,0.0,0.3708,25.96
2024-07-10,0.25,0.3626,26.0
2024-07-11,0.0,0.3542,26.46
2024-07-12,0.0,0.3447,27.41
2024-07-13,0.0,0.3341,27.9
2024-07-14,0.0,0.3228,28.38
2024-07-15,0.0,0.3121,29.12
2024-07-16,40.64,0.3801,27.94
2024-07-17,0.0,0.383,27.02
2024-07-18,0.0,0.3739,26.06
2024-07-19,0.0,0.3658,25.85
2024-07-20,13.72,0.3883,24.32
2024-07-21,0.25,0.3921,24.0
2024-07-22,0.0,0.3844,24.76
2024-07-23,0.0,0.378,25.54
2024-07-24,0.0,0.3713,26.44
2024-07-25,0.0,0.3635,26.99
2024-07-26,0.0,0.3545,27.19
2024-07-27,0.0,0.3445,26.98
2024-07-28,0.76,0.3347,25.85
2024-07-29,0.0,0.3267,25.99
2024-07-30,0.0,0.3189,27.06
2024-07-31,17.27,0.3236,27.49
2024-08-01,0.25,0.3625,27.5
2024-08-02,0.0,0.3462,27.54
2024-08-03,0.0,0.3334,27.08
2024-08-04,0.0,0.322,27.26
2024-08-05,0.0,0.3085,27.7
2024-08-06,0.0,0.2963,27.28
2024-08-07,0.0,0.2867,26.23
2024-08-08,22.86,0.3589,25.32
2024-08-09,0.25,0.3564,22.83
2024-08-10,0.0,0.3486,22.34
2024-08-11,1.78,0.3422,22.48
2024-08-12,0.0,0.338,23.61
2024-08-13,16.26,0.384,24.6
2024-08-14,0.0,0.3798,25.67
2024-08-15,0.0,0.3687,26.43
2024-08-16,0.0,0.3591,25.97
2024-08-17,0.0,0.3498,25.63
2024-08-18,22.35,0.3738,25.02
2024-08-19,9.14,0.4022,24.95
2024-08-20,0.0,0.3844,24.96
2024-08-21,0.0,0.374,24.93
2024-08-22,0.0,0.3643,24.16
2024-08-23,0.25,0.3566,24.03
2024-08-24,0.0,0.349,25.67
2024-08-25,0.0,0.3373,27.06
2024-08-26,0.0,0.3232,27.42
2024-08-27,11.68,0.3144,27.38
2024-08-28,0.0,0.3155,26.89
2024-08-29,1.27,0.3085,27.24
2024-08-30,13.21,0.3806,26.39
2024-08-31,0.0,0.3647,25.11
2024-09-01,0.0,0.3508,24.49
2024-09-02,0.0,0.3384,23.16
2024-09-03,0.0,0.328,22.47
2024-09-04,0.0,0.3176,23.22
2024-09-05,0.0,0.3065,24.0
2024-09-06,0.0,0.2951,24.17
2024-09-07,0.0,0.2841,22.66
2024-09-08,0.0,0.2754,21.57
2024-09-09,0.0,0.2686,21.91
2024-09-10,0.0,0.2628,22.22
2024-09-11,0.0,0.258,22.09
2024-09-12,0.0,0.2553,22.45
2024-09-13,0.0,0.2526,22.25
2024-09-14,0.0,0.2514,22.59
2024-09-15,0.0,0.2509,23.24
2024-09-16,0.0,0.2498,23.66
2024-09-17,0.0,0.2486,23.43
2024-09-18,0.0,0.2482,23.77
2024-09-19,1.78,0.2485,24.76
2024-09-20,1.02,0.2466,24.15
2024-09-21,3.05,0.2462,24.33
2024-09-22,2.79,0.244,22.56
2024-09-23,0.0,0.2424,20.73
2024-09-24,3.3,0.2414,19.59
2024-09-25,0.0,0.2416,19.41
2024-09-26,0.0,0.242,19.47
2024-09-27,0.0,0.2421,19.63
2024-09-28,0.0,0.2419,19.81
2024-09-29,0.0,0.2412,19.76
2024-09-30,0.0,0.2407,19.81
2024-10-01,0.0,0.24,19.7
2024-10-02,0.0,0.2373,17.95
2024-10-03,0.0,0.2389,19.46
2024-10-04,0.0,0.2395,20.37
2024-10-05,0.0,0.2389,20.36
2024-10-06,0.0,0.2372,19.86
2024-10-07,0.0,0.2336,17.69
2024-10-08,0.0,0.2336,17.94
2024-10-09,0.0,0.2327,17.82
2024-10-10,1.02,0.2326,18.21
2024-10-11,0.0,0.2326,18.71
2024-10-12,0.0,0.2329,19.34
2024-10-13,0.0,0.2302,17.95
2024-10-14,0.0,0.2265,15.62
2024-10-15,0.0,0.2241,14.2
2024-10-16,0.0,0.2212,12.51
2024-10-17,0.0,0.2218,12.99
2024-10-18,0.0,0.2235,14.58
2024-10-19,0.0,0.2245,15.76
2024-10-20,0.0,0.2238,15.89
2024-10-21,5.33,0.223,16.07
2024-10-22,0.0,0.223,16.26
2024-10-23,0.0,0.2222,15.55
2024-10-24,0.0,0.2224,15.38
2024-10-25,0.0,0.2233,15.82
2024-10-26,0.0,0.2199,13.23
2024-10-27,0.0,0.2202,13.16
2024-10-28,0.0,0.2246,16.02
2024-10-29,0.0,0.2281,18.55
2024-10-30,24.13,0.2628,18.57
2024-10-31,3.81,0.2982,15.47
2024-11-01,0.76,0.2864,13.15
2024-11-02,39.62,0.3534,13.03
2024-11-03,2.29,0.3816,15.03
2024-11-04,8.13,0.383,15.78
2024-11-05,0.51,0.3805,14.79
2024-11-06,0.0,0.3689,12.49
2024-11-07,0.0,0.3639,11.97
2024-11-08,12.95,0.3643,11.62
2024-11-09,5.59,0.3827,11.76
2024-11-10,0.0,0.3697,11.65
2024-11-11,0.0,0.3641,11.07
2024-11-12,0.0,0.3623,11.13
2024-11-13,11.18,0.3819,11.92
2024-11-14,0.0,0.3731,10.54
2024-11-15,0.0,0.3675,9.83
2024-11-16,0.0,0.3652,10.72
2024-11-17,0.0,0.3634,11.29
2024-11-18,19.81,0.3845,12.44
2024-11-19,0.0,0.3829,11.45
2024-11-20,0.0,0.3723,9.36
2024-11-21,0.0,0.3667,7.94
2024-11-22,0.0,0.363,6.72
2024-11-23,0.0,0.3619,7.04
2024-11-24,0.0,0.3617,8.62
2024-11-25,0.0,0.3587,7.81
2024-11-26,0.0,0.3551,5.43
2024-11-27,2.29,0.3542,5.75
2024-11-28,0.0,0.3525,4.91
2024-11-29,0.0,0.3505,3.57
2024-11-30,1.52,0.3501,3.62
2024-12-01,0.0,0.3492,3.0
2024-12-02,0.0,0.3483,2.44
2024-12-03,0.0,0.3476,1.91
2024-12-04,0.0,0.3487,3.18
2024-12-05,0.0,0.3478,2.86
2024-12-06,0.0,0.3463,1.87
2024-12-07,0.0,0.3467,2.7
2024-12-08,0.0,0.3487,4.82
2024-12-09,0.0,0.3486,5.29
2024-12-10,0.0,0.3468,4.46
2024-12-11,0.25,0.3451,3.63
2024-12-12,0.0,0.3433,2.69
2024-12-13,0.0,0.3417,1.94
2024-12-14,7.87,0.3481,3.96
2024-12-15,0.0,0.3536,4.91
2024-12-16,0.0,0.354,4.52
2024-12-17,0.0,0.353,3.73
2024-12-18,0.0,0.3529,4.04
2024-12-19,0.0,0.3528,3.95
2024-12-20,0.0,0.3505,2.75
2024-12-21,0.0,0.3487,1.54
2024-12-22,0.0,0.349,2.02
2024-12-23,0.0,0.3508,4.07
2024-12-24,0.0,0.3497,3.76
2024-12-25,0.0,0.3491,3.62
2024-12-26,0.51,0.3497,4.6
2024-12-27,0.25,0.3505,5.55
2024-12-28,0.25,0.3497,5.29
2024-12-29,0.0,0.3491,5.24
2024-12-30,0.0,0.3487,5.34
2024-12-31,0.51,0.3477,4.97
2025-01-01,0.0,0.3455,3.6
